{
  "id" : "299c5560-c523-11ea-8a36-857df501e0ff-0",
  "name" : "shubham 1 cv.pdf",
  "createdDate" : 0,
  "version" : 3,
  "text" : "SHUBHAM GUPTA\n8988382006 | sg2881999@gmail.com\nOBJECTIVE\nTo work in a firm with a professional work driven environment where I can utilize and apply my \nknowledge, skills which would enable me as a fresh graduate to grow while fulfilling \norganizational goals. \nEDUCATION\nNational Institute of Technology Hamirpur, Himachal Pradesh\nBachelor of Technology\nDepartment of Electrical Engineering\nCurrent CGPI: 8.73\nD.A.V  A.V.N Darlaghat, Himachal Pradesh\n12th ,CBSE Board\nPercentage: 93.8\nD.A.V  A.V.N Darlaghat, Himachal Pradesh\n10th ,CBSE Board\nCGPI: 10\n TECHNICAL SKILLS:\n C++, C, Data Structure, MATLAB, Assembly Level (8085).\n Arduino\n MySQL \nPERSONAL TRAITS:\n Willingness to learn.\n Ability to cope up with different situations.\n Highly concentrated in doing any kind of work.\nHOBBIES:\n Playing Table Tennis, winner in Interyear tournament conducted in NIT hamirpur.\n Trekking\n.\nEXPERIENCE:\n1. Project on “Automated Petrol Pump”.  \nIn this project every car is having its unique identity. We have done this by RFID \ncar. The customer enters the amount of petrol required by him/her with the \nkeypad. The corresponding amount will be deducted from the customer account \ndirectly. We have interfaced the GSM so that customer receive every details of \nits account.\n \n2.  Project on “Automated energy meter and prepaid billing system”\n      In this project we had introduced a prepaid bill payment system in which we can  \nrecharge our account through mobile phones and use electricity at home. Balance \nwill be deducted directly from our account during the consumption of power.\nAlso, this project detects the power theft by external tapping or bypassing the Energy\nmeter. It will alert the Electricity board and the consumer about Power theft.\n3. Organized an event named “ROBO SUMO” and “ROBO HAMMER at NIMBUS \n(Technical fest NIT HAMIRPUR) 2019. Various participants came and made the \nevent successful.\n4. Completed 4 weeks training at Ambuja Cement Limited, Darlaghat. \n5. Executive Member of Team OJAS (core team electrical Department).\n6. Executive Member of NSS (National Service Scheme).\n \n \n2\n",
  "docLength" : 0,
  "language" : "EN",
  "status" : "SUBMITTED",
  "modifiedDate" : 1594701337511,
  "documentSet" : [ ],
  "preannotation" : [ ],
  "sentences" : [ {
    "id" : "s0",
    "begin" : 0,
    "end" : 260,
    "text" : "SHUBHAM GUPTA\n8988382006 | sg2881999@gmail.com\nOBJECTIVE\nTo work in a firm with a professional work driven environment where I can utilize and apply my \nknowledge, skills which would enable me as a fresh graduate to grow while fulfilling \norganizational goals.",
    "tokens" : [ {
      "id" : "s0-t0",
      "begin" : 0,
      "end" : 7,
      "text" : "SHUBHAM",
      "whiteSpace" : false
    }, {
      "id" : "s0-t1",
      "begin" : 8,
      "end" : 13,
      "text" : "GUPTA",
      "whiteSpace" : false
    }, {
      "id" : "s0-t2",
      "begin" : 14,
      "end" : 24,
      "text" : "8988382006",
      "whiteSpace" : false
    }, {
      "id" : "s0-t3",
      "begin" : 25,
      "end" : 26,
      "text" : "|",
      "whiteSpace" : false
    }, {
      "id" : "s0-t4",
      "begin" : 27,
      "end" : 46,
      "text" : "sg2881999@gmail.com",
      "whiteSpace" : false
    }, {
      "id" : "s0-t5",
      "begin" : 47,
      "end" : 56,
      "text" : "OBJECTIVE",
      "whiteSpace" : false
    }, {
      "id" : "s0-t6",
      "begin" : 57,
      "end" : 59,
      "text" : "To",
      "whiteSpace" : false
    }, {
      "id" : "s0-t7",
      "begin" : 60,
      "end" : 64,
      "text" : "work",
      "whiteSpace" : false
    }, {
      "id" : "s0-t8",
      "begin" : 65,
      "end" : 67,
      "text" : "in",
      "whiteSpace" : false
    }, {
      "id" : "s0-t9",
      "begin" : 68,
      "end" : 69,
      "text" : "a",
      "whiteSpace" : false
    }, {
      "id" : "s0-t10",
      "begin" : 70,
      "end" : 74,
      "text" : "firm",
      "whiteSpace" : false
    }, {
      "id" : "s0-t11",
      "begin" : 75,
      "end" : 79,
      "text" : "with",
      "whiteSpace" : false
    }, {
      "id" : "s0-t12",
      "begin" : 80,
      "end" : 81,
      "text" : "a",
      "whiteSpace" : false
    }, {
      "id" : "s0-t13",
      "begin" : 82,
      "end" : 94,
      "text" : "professional",
      "whiteSpace" : false
    }, {
      "id" : "s0-t14",
      "begin" : 95,
      "end" : 99,
      "text" : "work",
      "whiteSpace" : false
    }, {
      "id" : "s0-t15",
      "begin" : 100,
      "end" : 106,
      "text" : "driven",
      "whiteSpace" : false
    }, {
      "id" : "s0-t16",
      "begin" : 107,
      "end" : 118,
      "text" : "environment",
      "whiteSpace" : false
    }, {
      "id" : "s0-t17",
      "begin" : 119,
      "end" : 124,
      "text" : "where",
      "whiteSpace" : false
    }, {
      "id" : "s0-t18",
      "begin" : 125,
      "end" : 126,
      "text" : "I",
      "whiteSpace" : false
    }, {
      "id" : "s0-t19",
      "begin" : 127,
      "end" : 130,
      "text" : "can",
      "whiteSpace" : false
    }, {
      "id" : "s0-t20",
      "begin" : 131,
      "end" : 138,
      "text" : "utilize",
      "whiteSpace" : false
    }, {
      "id" : "s0-t21",
      "begin" : 139,
      "end" : 142,
      "text" : "and",
      "whiteSpace" : false
    }, {
      "id" : "s0-t22",
      "begin" : 143,
      "end" : 148,
      "text" : "apply",
      "whiteSpace" : false
    }, {
      "id" : "s0-t23",
      "begin" : 149,
      "end" : 151,
      "text" : "my",
      "whiteSpace" : false
    }, {
      "id" : "s0-t24",
      "begin" : 153,
      "end" : 162,
      "text" : "knowledge",
      "whiteSpace" : false
    }, {
      "id" : "s0-t25",
      "begin" : 162,
      "end" : 163,
      "text" : ",",
      "whiteSpace" : false
    }, {
      "id" : "s0-t26",
      "begin" : 164,
      "end" : 170,
      "text" : "skills",
      "whiteSpace" : false
    }, {
      "id" : "s0-t27",
      "begin" : 171,
      "end" : 176,
      "text" : "which",
      "whiteSpace" : false
    }, {
      "id" : "s0-t28",
      "begin" : 177,
      "end" : 182,
      "text" : "would",
      "whiteSpace" : false
    }, {
      "id" : "s0-t29",
      "begin" : 183,
      "end" : 189,
      "text" : "enable",
      "whiteSpace" : false
    }, {
      "id" : "s0-t30",
      "begin" : 190,
      "end" : 192,
      "text" : "me",
      "whiteSpace" : false
    }, {
      "id" : "s0-t31",
      "begin" : 193,
      "end" : 195,
      "text" : "as",
      "whiteSpace" : false
    }, {
      "id" : "s0-t32",
      "begin" : 196,
      "end" : 197,
      "text" : "a",
      "whiteSpace" : false
    }, {
      "id" : "s0-t33",
      "begin" : 198,
      "end" : 203,
      "text" : "fresh",
      "whiteSpace" : false
    }, {
      "id" : "s0-t34",
      "begin" : 204,
      "end" : 212,
      "text" : "graduate",
      "whiteSpace" : false
    }, {
      "id" : "s0-t35",
      "begin" : 213,
      "end" : 215,
      "text" : "to",
      "whiteSpace" : false
    }, {
      "id" : "s0-t36",
      "begin" : 216,
      "end" : 220,
      "text" : "grow",
      "whiteSpace" : false
    }, {
      "id" : "s0-t37",
      "begin" : 221,
      "end" : 226,
      "text" : "while",
      "whiteSpace" : false
    }, {
      "id" : "s0-t38",
      "begin" : 227,
      "end" : 237,
      "text" : "fulfilling",
      "whiteSpace" : false
    }, {
      "id" : "s0-t39",
      "begin" : 239,
      "end" : 253,
      "text" : "organizational",
      "whiteSpace" : false
    }, {
      "id" : "s0-t40",
      "begin" : 254,
      "end" : 259,
      "text" : "goals",
      "whiteSpace" : false
    }, {
      "id" : "s0-t41",
      "begin" : 259,
      "end" : 260,
      "text" : ".",
      "whiteSpace" : false
    } ]
  }, {
    "id" : "s1",
    "begin" : 262,
    "end" : 628,
    "text" : "EDUCATION\nNational Institute of Technology Hamirpur, Himachal Pradesh\nBachelor of Technology\nDepartment of Electrical Engineering\nCurrent CGPI: 8.73\nD.A.V  A.V.N Darlaghat, Himachal Pradesh\n12th ,CBSE Board\nPercentage: 93.8\nD.A.V  A.V.N Darlaghat, Himachal Pradesh\n10th ,CBSE Board\nCGPI: 10\n TECHNICAL SKILLS:\n C++, C, Data Structure, MATLAB, Assembly Level (8085).",
    "tokens" : [ {
      "id" : "s1-t0",
      "begin" : 262,
      "end" : 271,
      "text" : "EDUCATION",
      "whiteSpace" : false
    }, {
      "id" : "s1-t1",
      "begin" : 272,
      "end" : 280,
      "text" : "National",
      "whiteSpace" : false
    }, {
      "id" : "s1-t2",
      "begin" : 281,
      "end" : 290,
      "text" : "Institute",
      "whiteSpace" : false
    }, {
      "id" : "s1-t3",
      "begin" : 291,
      "end" : 293,
      "text" : "of",
      "whiteSpace" : false
    }, {
      "id" : "s1-t4",
      "begin" : 294,
      "end" : 304,
      "text" : "Technology",
      "whiteSpace" : false
    }, {
      "id" : "s1-t5",
      "begin" : 305,
      "end" : 313,
      "text" : "Hamirpur",
      "whiteSpace" : false
    }, {
      "id" : "s1-t6",
      "begin" : 313,
      "end" : 314,
      "text" : ",",
      "whiteSpace" : false
    }, {
      "id" : "s1-t7",
      "begin" : 315,
      "end" : 323,
      "text" : "Himachal",
      "whiteSpace" : false
    }, {
      "id" : "s1-t8",
      "begin" : 324,
      "end" : 331,
      "text" : "Pradesh",
      "whiteSpace" : false
    }, {
      "id" : "s1-t9",
      "begin" : 332,
      "end" : 340,
      "text" : "Bachelor",
      "whiteSpace" : false
    }, {
      "id" : "s1-t10",
      "begin" : 341,
      "end" : 343,
      "text" : "of",
      "whiteSpace" : false
    }, {
      "id" : "s1-t11",
      "begin" : 344,
      "end" : 354,
      "text" : "Technology",
      "whiteSpace" : false
    }, {
      "id" : "s1-t12",
      "begin" : 355,
      "end" : 365,
      "text" : "Department",
      "whiteSpace" : false
    }, {
      "id" : "s1-t13",
      "begin" : 366,
      "end" : 368,
      "text" : "of",
      "whiteSpace" : false
    }, {
      "id" : "s1-t14",
      "begin" : 369,
      "end" : 379,
      "text" : "Electrical",
      "whiteSpace" : false
    }, {
      "id" : "s1-t15",
      "begin" : 380,
      "end" : 391,
      "text" : "Engineering",
      "whiteSpace" : false
    }, {
      "id" : "s1-t16",
      "begin" : 392,
      "end" : 399,
      "text" : "Current",
      "whiteSpace" : false
    }, {
      "id" : "s1-t17",
      "begin" : 400,
      "end" : 404,
      "text" : "CGPI",
      "whiteSpace" : false
    }, {
      "id" : "s1-t18",
      "begin" : 404,
      "end" : 405,
      "text" : ":",
      "whiteSpace" : false
    }, {
      "id" : "s1-t19",
      "begin" : 406,
      "end" : 410,
      "text" : "8.73",
      "whiteSpace" : false
    }, {
      "id" : "s1-t20",
      "begin" : 411,
      "end" : 413,
      "text" : "D.",
      "whiteSpace" : false
    }, {
      "id" : "s1-t21",
      "begin" : 413,
      "end" : 415,
      "text" : "A.",
      "whiteSpace" : false
    }, {
      "id" : "s1-t22",
      "begin" : 415,
      "end" : 416,
      "text" : "V",
      "whiteSpace" : false
    }, {
      "id" : "s1-t23",
      "begin" : 418,
      "end" : 420,
      "text" : "A.",
      "whiteSpace" : false
    }, {
      "id" : "s1-t24",
      "begin" : 420,
      "end" : 422,
      "text" : "V.",
      "whiteSpace" : false
    }, {
      "id" : "s1-t25",
      "begin" : 422,
      "end" : 423,
      "text" : "N",
      "whiteSpace" : false
    }, {
      "id" : "s1-t26",
      "begin" : 424,
      "end" : 433,
      "text" : "Darlaghat",
      "whiteSpace" : false
    }, {
      "id" : "s1-t27",
      "begin" : 433,
      "end" : 434,
      "text" : ",",
      "whiteSpace" : false
    }, {
      "id" : "s1-t28",
      "begin" : 435,
      "end" : 443,
      "text" : "Himachal",
      "whiteSpace" : false
    }, {
      "id" : "s1-t29",
      "begin" : 444,
      "end" : 451,
      "text" : "Pradesh",
      "whiteSpace" : false
    }, {
      "id" : "s1-t30",
      "begin" : 452,
      "end" : 456,
      "text" : "12th",
      "whiteSpace" : false
    }, {
      "id" : "s1-t31",
      "begin" : 457,
      "end" : 458,
      "text" : ",",
      "whiteSpace" : false
    }, {
      "id" : "s1-t32",
      "begin" : 458,
      "end" : 462,
      "text" : "CBSE",
      "whiteSpace" : false
    }, {
      "id" : "s1-t33",
      "begin" : 463,
      "end" : 468,
      "text" : "Board",
      "whiteSpace" : false
    }, {
      "id" : "s1-t34",
      "begin" : 469,
      "end" : 479,
      "text" : "Percentage",
      "whiteSpace" : false
    }, {
      "id" : "s1-t35",
      "begin" : 479,
      "end" : 480,
      "text" : ":",
      "whiteSpace" : false
    }, {
      "id" : "s1-t36",
      "begin" : 481,
      "end" : 485,
      "text" : "93.8",
      "whiteSpace" : false
    }, {
      "id" : "s1-t37",
      "begin" : 486,
      "end" : 488,
      "text" : "D.",
      "whiteSpace" : false
    }, {
      "id" : "s1-t38",
      "begin" : 488,
      "end" : 490,
      "text" : "A.",
      "whiteSpace" : false
    }, {
      "id" : "s1-t39",
      "begin" : 490,
      "end" : 491,
      "text" : "V",
      "whiteSpace" : false
    }, {
      "id" : "s1-t40",
      "begin" : 493,
      "end" : 495,
      "text" : "A.",
      "whiteSpace" : false
    }, {
      "id" : "s1-t41",
      "begin" : 495,
      "end" : 497,
      "text" : "V.",
      "whiteSpace" : false
    }, {
      "id" : "s1-t42",
      "begin" : 497,
      "end" : 498,
      "text" : "N",
      "whiteSpace" : false
    }, {
      "id" : "s1-t43",
      "begin" : 499,
      "end" : 508,
      "text" : "Darlaghat",
      "whiteSpace" : false
    }, {
      "id" : "s1-t44",
      "begin" : 508,
      "end" : 509,
      "text" : ",",
      "whiteSpace" : false
    }, {
      "id" : "s1-t45",
      "begin" : 510,
      "end" : 518,
      "text" : "Himachal",
      "whiteSpace" : false
    }, {
      "id" : "s1-t46",
      "begin" : 519,
      "end" : 526,
      "text" : "Pradesh",
      "whiteSpace" : false
    }, {
      "id" : "s1-t47",
      "begin" : 527,
      "end" : 531,
      "text" : "10th",
      "whiteSpace" : false
    }, {
      "id" : "s1-t48",
      "begin" : 532,
      "end" : 533,
      "text" : ",",
      "whiteSpace" : false
    }, {
      "id" : "s1-t49",
      "begin" : 533,
      "end" : 537,
      "text" : "CBSE",
      "whiteSpace" : false
    }, {
      "id" : "s1-t50",
      "begin" : 538,
      "end" : 543,
      "text" : "Board",
      "whiteSpace" : false
    }, {
      "id" : "s1-t51",
      "begin" : 544,
      "end" : 548,
      "text" : "CGPI",
      "whiteSpace" : false
    }, {
      "id" : "s1-t52",
      "begin" : 548,
      "end" : 549,
      "text" : ":",
      "whiteSpace" : false
    }, {
      "id" : "s1-t53",
      "begin" : 550,
      "end" : 552,
      "text" : "10",
      "whiteSpace" : false
    }, {
      "id" : "s1-t54",
      "begin" : 554,
      "end" : 563,
      "text" : "TECHNICAL",
      "whiteSpace" : false
    }, {
      "id" : "s1-t55",
      "begin" : 564,
      "end" : 570,
      "text" : "SKILLS",
      "whiteSpace" : false
    }, {
      "id" : "s1-t56",
      "begin" : 570,
      "end" : 571,
      "text" : ":",
      "whiteSpace" : false
    }, {
      "id" : "s1-t57",
      "begin" : 572,
      "end" : 573,
      "text" : "",
      "whiteSpace" : false
    }, {
      "id" : "s1-t58",
      "begin" : 574,
      "end" : 575,
      "text" : "C",
      "whiteSpace" : false
    }, {
      "id" : "s1-t59",
      "begin" : 575,
      "end" : 576,
      "text" : "+",
      "whiteSpace" : false
    }, {
      "id" : "s1-t60",
      "begin" : 576,
      "end" : 577,
      "text" : "+",
      "whiteSpace" : false
    }, {
      "id" : "s1-t61",
      "begin" : 577,
      "end" : 578,
      "text" : ",",
      "whiteSpace" : false
    }, {
      "id" : "s1-t62",
      "begin" : 579,
      "end" : 580,
      "text" : "C",
      "whiteSpace" : false
    }, {
      "id" : "s1-t63",
      "begin" : 580,
      "end" : 581,
      "text" : ",",
      "whiteSpace" : false
    }, {
      "id" : "s1-t64",
      "begin" : 582,
      "end" : 586,
      "text" : "Data",
      "whiteSpace" : false
    }, {
      "id" : "s1-t65",
      "begin" : 587,
      "end" : 596,
      "text" : "Structure",
      "whiteSpace" : false
    }, {
      "id" : "s1-t66",
      "begin" : 596,
      "end" : 597,
      "text" : ",",
      "whiteSpace" : false
    }, {
      "id" : "s1-t67",
      "begin" : 598,
      "end" : 604,
      "text" : "MATLAB",
      "whiteSpace" : false
    }, {
      "id" : "s1-t68",
      "begin" : 604,
      "end" : 605,
      "text" : ",",
      "whiteSpace" : false
    }, {
      "id" : "s1-t69",
      "begin" : 606,
      "end" : 614,
      "text" : "Assembly",
      "whiteSpace" : false
    }, {
      "id" : "s1-t70",
      "begin" : 615,
      "end" : 620,
      "text" : "Level",
      "whiteSpace" : false
    }, {
      "id" : "s1-t71",
      "begin" : 621,
      "end" : 622,
      "text" : "(",
      "whiteSpace" : false
    }, {
      "id" : "s1-t72",
      "begin" : 622,
      "end" : 626,
      "text" : "8085",
      "whiteSpace" : false
    }, {
      "id" : "s1-t73",
      "begin" : 626,
      "end" : 627,
      "text" : ")",
      "whiteSpace" : false
    }, {
      "id" : "s1-t74",
      "begin" : 627,
      "end" : 628,
      "text" : ".",
      "whiteSpace" : false
    } ]
  }, {
    "id" : "s2",
    "begin" : 629,
    "end" : 688,
    "text" : " Arduino\n MySQL \nPERSONAL TRAITS:\n Willingness to learn.",
    "tokens" : [ {
      "id" : "s2-t0",
      "begin" : 629,
      "end" : 630,
      "text" : "",
      "whiteSpace" : false
    }, {
      "id" : "s2-t1",
      "begin" : 631,
      "end" : 638,
      "text" : "Arduino",
      "whiteSpace" : false
    }, {
      "id" : "s2-t2",
      "begin" : 639,
      "end" : 640,
      "text" : "",
      "whiteSpace" : false
    }, {
      "id" : "s2-t3",
      "begin" : 641,
      "end" : 646,
      "text" : "MySQL",
      "whiteSpace" : false
    }, {
      "id" : "s2-t4",
      "begin" : 648,
      "end" : 656,
      "text" : "PERSONAL",
      "whiteSpace" : false
    }, {
      "id" : "s2-t5",
      "begin" : 657,
      "end" : 663,
      "text" : "TRAITS",
      "whiteSpace" : false
    }, {
      "id" : "s2-t6",
      "begin" : 663,
      "end" : 664,
      "text" : ":",
      "whiteSpace" : false
    }, {
      "id" : "s2-t7",
      "begin" : 665,
      "end" : 666,
      "text" : "",
      "whiteSpace" : false
    }, {
      "id" : "s2-t8",
      "begin" : 667,
      "end" : 678,
      "text" : "Willingness",
      "whiteSpace" : false
    }, {
      "id" : "s2-t9",
      "begin" : 679,
      "end" : 681,
      "text" : "to",
      "whiteSpace" : false
    }, {
      "id" : "s2-t10",
      "begin" : 682,
      "end" : 687,
      "text" : "learn",
      "whiteSpace" : false
    }, {
      "id" : "s2-t11",
      "begin" : 687,
      "end" : 688,
      "text" : ".",
      "whiteSpace" : false
    } ]
  }, {
    "id" : "s3",
    "begin" : 689,
    "end" : 736,
    "text" : " Ability to cope up with different situations.",
    "tokens" : [ {
      "id" : "s3-t0",
      "begin" : 689,
      "end" : 690,
      "text" : "",
      "whiteSpace" : false
    }, {
      "id" : "s3-t1",
      "begin" : 691,
      "end" : 698,
      "text" : "Ability",
      "whiteSpace" : false
    }, {
      "id" : "s3-t2",
      "begin" : 699,
      "end" : 701,
      "text" : "to",
      "whiteSpace" : false
    }, {
      "id" : "s3-t3",
      "begin" : 702,
      "end" : 706,
      "text" : "cope",
      "whiteSpace" : false
    }, {
      "id" : "s3-t4",
      "begin" : 707,
      "end" : 709,
      "text" : "up",
      "whiteSpace" : false
    }, {
      "id" : "s3-t5",
      "begin" : 710,
      "end" : 714,
      "text" : "with",
      "whiteSpace" : false
    }, {
      "id" : "s3-t6",
      "begin" : 715,
      "end" : 724,
      "text" : "different",
      "whiteSpace" : false
    }, {
      "id" : "s3-t7",
      "begin" : 725,
      "end" : 735,
      "text" : "situations",
      "whiteSpace" : false
    }, {
      "id" : "s3-t8",
      "begin" : 735,
      "end" : 736,
      "text" : ".",
      "whiteSpace" : false
    } ]
  }, {
    "id" : "s4",
    "begin" : 737,
    "end" : 785,
    "text" : " Highly concentrated in doing any kind of work.",
    "tokens" : [ {
      "id" : "s4-t0",
      "begin" : 737,
      "end" : 738,
      "text" : "",
      "whiteSpace" : false
    }, {
      "id" : "s4-t1",
      "begin" : 739,
      "end" : 745,
      "text" : "Highly",
      "whiteSpace" : false
    }, {
      "id" : "s4-t2",
      "begin" : 746,
      "end" : 758,
      "text" : "concentrated",
      "whiteSpace" : false
    }, {
      "id" : "s4-t3",
      "begin" : 759,
      "end" : 761,
      "text" : "in",
      "whiteSpace" : false
    }, {
      "id" : "s4-t4",
      "begin" : 762,
      "end" : 767,
      "text" : "doing",
      "whiteSpace" : false
    }, {
      "id" : "s4-t5",
      "begin" : 768,
      "end" : 771,
      "text" : "any",
      "whiteSpace" : false
    }, {
      "id" : "s4-t6",
      "begin" : 772,
      "end" : 776,
      "text" : "kind",
      "whiteSpace" : false
    }, {
      "id" : "s4-t7",
      "begin" : 777,
      "end" : 779,
      "text" : "of",
      "whiteSpace" : false
    }, {
      "id" : "s4-t8",
      "begin" : 780,
      "end" : 784,
      "text" : "work",
      "whiteSpace" : false
    }, {
      "id" : "s4-t9",
      "begin" : 784,
      "end" : 785,
      "text" : ".",
      "whiteSpace" : false
    } ]
  }, {
    "id" : "s5",
    "begin" : 786,
    "end" : 876,
    "text" : "HOBBIES:\n Playing Table Tennis, winner in Interyear tournament conducted in NIT hamirpur.",
    "tokens" : [ {
      "id" : "s5-t0",
      "begin" : 786,
      "end" : 793,
      "text" : "HOBBIES",
      "whiteSpace" : false
    }, {
      "id" : "s5-t1",
      "begin" : 793,
      "end" : 794,
      "text" : ":",
      "whiteSpace" : false
    }, {
      "id" : "s5-t2",
      "begin" : 795,
      "end" : 796,
      "text" : "",
      "whiteSpace" : false
    }, {
      "id" : "s5-t3",
      "begin" : 797,
      "end" : 804,
      "text" : "Playing",
      "whiteSpace" : false
    }, {
      "id" : "s5-t4",
      "begin" : 805,
      "end" : 810,
      "text" : "Table",
      "whiteSpace" : false
    }, {
      "id" : "s5-t5",
      "begin" : 811,
      "end" : 817,
      "text" : "Tennis",
      "whiteSpace" : false
    }, {
      "id" : "s5-t6",
      "begin" : 817,
      "end" : 818,
      "text" : ",",
      "whiteSpace" : false
    }, {
      "id" : "s5-t7",
      "begin" : 819,
      "end" : 825,
      "text" : "winner",
      "whiteSpace" : false
    }, {
      "id" : "s5-t8",
      "begin" : 826,
      "end" : 828,
      "text" : "in",
      "whiteSpace" : false
    }, {
      "id" : "s5-t9",
      "begin" : 829,
      "end" : 838,
      "text" : "Interyear",
      "whiteSpace" : false
    }, {
      "id" : "s5-t10",
      "begin" : 839,
      "end" : 849,
      "text" : "tournament",
      "whiteSpace" : false
    }, {
      "id" : "s5-t11",
      "begin" : 850,
      "end" : 859,
      "text" : "conducted",
      "whiteSpace" : false
    }, {
      "id" : "s5-t12",
      "begin" : 860,
      "end" : 862,
      "text" : "in",
      "whiteSpace" : false
    }, {
      "id" : "s5-t13",
      "begin" : 863,
      "end" : 866,
      "text" : "NIT",
      "whiteSpace" : false
    }, {
      "id" : "s5-t14",
      "begin" : 867,
      "end" : 875,
      "text" : "hamirpur",
      "whiteSpace" : false
    }, {
      "id" : "s5-t15",
      "begin" : 875,
      "end" : 876,
      "text" : ".",
      "whiteSpace" : false
    } ]
  }, {
    "id" : "s6",
    "begin" : 877,
    "end" : 889,
    "text" : " Trekking\n.",
    "tokens" : [ {
      "id" : "s6-t0",
      "begin" : 877,
      "end" : 878,
      "text" : "",
      "whiteSpace" : false
    }, {
      "id" : "s6-t1",
      "begin" : 879,
      "end" : 887,
      "text" : "Trekking",
      "whiteSpace" : false
    }, {
      "id" : "s6-t2",
      "begin" : 888,
      "end" : 889,
      "text" : ".",
      "whiteSpace" : false
    } ]
  }, {
    "id" : "s7",
    "begin" : 890,
    "end" : 940,
    "text" : "EXPERIENCE:\n1. Project on “Automated Petrol Pump”.",
    "tokens" : [ {
      "id" : "s7-t0",
      "begin" : 890,
      "end" : 900,
      "text" : "EXPERIENCE",
      "whiteSpace" : false
    }, {
      "id" : "s7-t1",
      "begin" : 900,
      "end" : 901,
      "text" : ":",
      "whiteSpace" : false
    }, {
      "id" : "s7-t2",
      "begin" : 902,
      "end" : 904,
      "text" : "1.",
      "whiteSpace" : false
    }, {
      "id" : "s7-t3",
      "begin" : 905,
      "end" : 912,
      "text" : "Project",
      "whiteSpace" : false
    }, {
      "id" : "s7-t4",
      "begin" : 913,
      "end" : 915,
      "text" : "on",
      "whiteSpace" : false
    }, {
      "id" : "s7-t5",
      "begin" : 916,
      "end" : 917,
      "text" : "“",
      "whiteSpace" : false
    }, {
      "id" : "s7-t6",
      "begin" : 917,
      "end" : 926,
      "text" : "Automated",
      "whiteSpace" : false
    }, {
      "id" : "s7-t7",
      "begin" : 927,
      "end" : 933,
      "text" : "Petrol",
      "whiteSpace" : false
    }, {
      "id" : "s7-t8",
      "begin" : 934,
      "end" : 938,
      "text" : "Pump",
      "whiteSpace" : false
    }, {
      "id" : "s7-t9",
      "begin" : 938,
      "end" : 939,
      "text" : "”",
      "whiteSpace" : false
    }, {
      "id" : "s7-t10",
      "begin" : 939,
      "end" : 940,
      "text" : ".",
      "whiteSpace" : false
    } ]
  }, {
    "id" : "s8",
    "begin" : 943,
    "end" : 999,
    "text" : "In this project every car is having its unique identity.",
    "tokens" : [ {
      "id" : "s8-t0",
      "begin" : 943,
      "end" : 945,
      "text" : "In",
      "whiteSpace" : false
    }, {
      "id" : "s8-t1",
      "begin" : 946,
      "end" : 950,
      "text" : "this",
      "whiteSpace" : false
    }, {
      "id" : "s8-t2",
      "begin" : 951,
      "end" : 958,
      "text" : "project",
      "whiteSpace" : false
    }, {
      "id" : "s8-t3",
      "begin" : 959,
      "end" : 964,
      "text" : "every",
      "whiteSpace" : false
    }, {
      "id" : "s8-t4",
      "begin" : 965,
      "end" : 968,
      "text" : "car",
      "whiteSpace" : false
    }, {
      "id" : "s8-t5",
      "begin" : 969,
      "end" : 971,
      "text" : "is",
      "whiteSpace" : false
    }, {
      "id" : "s8-t6",
      "begin" : 972,
      "end" : 978,
      "text" : "having",
      "whiteSpace" : false
    }, {
      "id" : "s8-t7",
      "begin" : 979,
      "end" : 982,
      "text" : "its",
      "whiteSpace" : false
    }, {
      "id" : "s8-t8",
      "begin" : 983,
      "end" : 989,
      "text" : "unique",
      "whiteSpace" : false
    }, {
      "id" : "s8-t9",
      "begin" : 990,
      "end" : 998,
      "text" : "identity",
      "whiteSpace" : false
    }, {
      "id" : "s8-t10",
      "begin" : 998,
      "end" : 999,
      "text" : ".",
      "whiteSpace" : false
    } ]
  }, {
    "id" : "s9",
    "begin" : 1000,
    "end" : 1031,
    "text" : "We have done this by RFID \ncar.",
    "tokens" : [ {
      "id" : "s9-t0",
      "begin" : 1000,
      "end" : 1002,
      "text" : "We",
      "whiteSpace" : false
    }, {
      "id" : "s9-t1",
      "begin" : 1003,
      "end" : 1007,
      "text" : "have",
      "whiteSpace" : false
    }, {
      "id" : "s9-t2",
      "begin" : 1008,
      "end" : 1012,
      "text" : "done",
      "whiteSpace" : false
    }, {
      "id" : "s9-t3",
      "begin" : 1013,
      "end" : 1017,
      "text" : "this",
      "whiteSpace" : false
    }, {
      "id" : "s9-t4",
      "begin" : 1018,
      "end" : 1020,
      "text" : "by",
      "whiteSpace" : false
    }, {
      "id" : "s9-t5",
      "begin" : 1021,
      "end" : 1025,
      "text" : "RFID",
      "whiteSpace" : false
    }, {
      "id" : "s9-t6",
      "begin" : 1027,
      "end" : 1030,
      "text" : "car",
      "whiteSpace" : false
    }, {
      "id" : "s9-t7",
      "begin" : 1030,
      "end" : 1031,
      "text" : ".",
      "whiteSpace" : false
    } ]
  }, {
    "id" : "s10",
    "begin" : 1032,
    "end" : 1110,
    "text" : "The customer enters the amount of petrol required by him/her with the \nkeypad.",
    "tokens" : [ {
      "id" : "s10-t0",
      "begin" : 1032,
      "end" : 1035,
      "text" : "The",
      "whiteSpace" : false
    }, {
      "id" : "s10-t1",
      "begin" : 1036,
      "end" : 1044,
      "text" : "customer",
      "whiteSpace" : false
    }, {
      "id" : "s10-t2",
      "begin" : 1045,
      "end" : 1051,
      "text" : "enters",
      "whiteSpace" : false
    }, {
      "id" : "s10-t3",
      "begin" : 1052,
      "end" : 1055,
      "text" : "the",
      "whiteSpace" : false
    }, {
      "id" : "s10-t4",
      "begin" : 1056,
      "end" : 1062,
      "text" : "amount",
      "whiteSpace" : false
    }, {
      "id" : "s10-t5",
      "begin" : 1063,
      "end" : 1065,
      "text" : "of",
      "whiteSpace" : false
    }, {
      "id" : "s10-t6",
      "begin" : 1066,
      "end" : 1072,
      "text" : "petrol",
      "whiteSpace" : false
    }, {
      "id" : "s10-t7",
      "begin" : 1073,
      "end" : 1081,
      "text" : "required",
      "whiteSpace" : false
    }, {
      "id" : "s10-t8",
      "begin" : 1082,
      "end" : 1084,
      "text" : "by",
      "whiteSpace" : false
    }, {
      "id" : "s10-t9",
      "begin" : 1085,
      "end" : 1088,
      "text" : "him",
      "whiteSpace" : false
    }, {
      "id" : "s10-t10",
      "begin" : 1088,
      "end" : 1089,
      "text" : "/",
      "whiteSpace" : false
    }, {
      "id" : "s10-t11",
      "begin" : 1089,
      "end" : 1092,
      "text" : "her",
      "whiteSpace" : false
    }, {
      "id" : "s10-t12",
      "begin" : 1093,
      "end" : 1097,
      "text" : "with",
      "whiteSpace" : false
    }, {
      "id" : "s10-t13",
      "begin" : 1098,
      "end" : 1101,
      "text" : "the",
      "whiteSpace" : false
    }, {
      "id" : "s10-t14",
      "begin" : 1103,
      "end" : 1109,
      "text" : "keypad",
      "whiteSpace" : false
    }, {
      "id" : "s10-t15",
      "begin" : 1109,
      "end" : 1110,
      "text" : ".",
      "whiteSpace" : false
    } ]
  }, {
    "id" : "s11",
    "begin" : 1111,
    "end" : 1189,
    "text" : "The corresponding amount will be deducted from the customer account \ndirectly.",
    "tokens" : [ {
      "id" : "s11-t0",
      "begin" : 1111,
      "end" : 1114,
      "text" : "The",
      "whiteSpace" : false
    }, {
      "id" : "s11-t1",
      "begin" : 1115,
      "end" : 1128,
      "text" : "corresponding",
      "whiteSpace" : false
    }, {
      "id" : "s11-t2",
      "begin" : 1129,
      "end" : 1135,
      "text" : "amount",
      "whiteSpace" : false
    }, {
      "id" : "s11-t3",
      "begin" : 1136,
      "end" : 1140,
      "text" : "will",
      "whiteSpace" : false
    }, {
      "id" : "s11-t4",
      "begin" : 1141,
      "end" : 1143,
      "text" : "be",
      "whiteSpace" : false
    }, {
      "id" : "s11-t5",
      "begin" : 1144,
      "end" : 1152,
      "text" : "deducted",
      "whiteSpace" : false
    }, {
      "id" : "s11-t6",
      "begin" : 1153,
      "end" : 1157,
      "text" : "from",
      "whiteSpace" : false
    }, {
      "id" : "s11-t7",
      "begin" : 1158,
      "end" : 1161,
      "text" : "the",
      "whiteSpace" : false
    }, {
      "id" : "s11-t8",
      "begin" : 1162,
      "end" : 1170,
      "text" : "customer",
      "whiteSpace" : false
    }, {
      "id" : "s11-t9",
      "begin" : 1171,
      "end" : 1178,
      "text" : "account",
      "whiteSpace" : false
    }, {
      "id" : "s11-t10",
      "begin" : 1180,
      "end" : 1188,
      "text" : "directly",
      "whiteSpace" : false
    }, {
      "id" : "s11-t11",
      "begin" : 1188,
      "end" : 1189,
      "text" : ".",
      "whiteSpace" : false
    } ]
  }, {
    "id" : "s12",
    "begin" : 1190,
    "end" : 1272,
    "text" : "We have interfaced the GSM so that customer receive every details of \nits account.",
    "tokens" : [ {
      "id" : "s12-t0",
      "begin" : 1190,
      "end" : 1192,
      "text" : "We",
      "whiteSpace" : false
    }, {
      "id" : "s12-t1",
      "begin" : 1193,
      "end" : 1197,
      "text" : "have",
      "whiteSpace" : false
    }, {
      "id" : "s12-t2",
      "begin" : 1198,
      "end" : 1208,
      "text" : "interfaced",
      "whiteSpace" : false
    }, {
      "id" : "s12-t3",
      "begin" : 1209,
      "end" : 1212,
      "text" : "the",
      "whiteSpace" : false
    }, {
      "id" : "s12-t4",
      "begin" : 1213,
      "end" : 1216,
      "text" : "GSM",
      "whiteSpace" : false
    }, {
      "id" : "s12-t5",
      "begin" : 1217,
      "end" : 1219,
      "text" : "so",
      "whiteSpace" : false
    }, {
      "id" : "s12-t6",
      "begin" : 1220,
      "end" : 1224,
      "text" : "that",
      "whiteSpace" : false
    }, {
      "id" : "s12-t7",
      "begin" : 1225,
      "end" : 1233,
      "text" : "customer",
      "whiteSpace" : false
    }, {
      "id" : "s12-t8",
      "begin" : 1234,
      "end" : 1241,
      "text" : "receive",
      "whiteSpace" : false
    }, {
      "id" : "s12-t9",
      "begin" : 1242,
      "end" : 1247,
      "text" : "every",
      "whiteSpace" : false
    }, {
      "id" : "s12-t10",
      "begin" : 1248,
      "end" : 1255,
      "text" : "details",
      "whiteSpace" : false
    }, {
      "id" : "s12-t11",
      "begin" : 1256,
      "end" : 1258,
      "text" : "of",
      "whiteSpace" : false
    }, {
      "id" : "s12-t12",
      "begin" : 1260,
      "end" : 1263,
      "text" : "its",
      "whiteSpace" : false
    }, {
      "id" : "s12-t13",
      "begin" : 1264,
      "end" : 1271,
      "text" : "account",
      "whiteSpace" : false
    }, {
      "id" : "s12-t14",
      "begin" : 1271,
      "end" : 1272,
      "text" : ".",
      "whiteSpace" : false
    } ]
  }, {
    "id" : "s13",
    "begin" : 1275,
    "end" : 1501,
    "text" : "2.  Project on “Automated energy meter and prepaid billing system”\n      In this project we had introduced a prepaid bill payment system in which we can  \nrecharge our account through mobile phones and use electricity at home.",
    "tokens" : [ {
      "id" : "s13-t0",
      "begin" : 1275,
      "end" : 1277,
      "text" : "2.",
      "whiteSpace" : false
    }, {
      "id" : "s13-t1",
      "begin" : 1279,
      "end" : 1286,
      "text" : "Project",
      "whiteSpace" : false
    }, {
      "id" : "s13-t2",
      "begin" : 1287,
      "end" : 1289,
      "text" : "on",
      "whiteSpace" : false
    }, {
      "id" : "s13-t3",
      "begin" : 1290,
      "end" : 1291,
      "text" : "“",
      "whiteSpace" : false
    }, {
      "id" : "s13-t4",
      "begin" : 1291,
      "end" : 1300,
      "text" : "Automated",
      "whiteSpace" : false
    }, {
      "id" : "s13-t5",
      "begin" : 1301,
      "end" : 1307,
      "text" : "energy",
      "whiteSpace" : false
    }, {
      "id" : "s13-t6",
      "begin" : 1308,
      "end" : 1313,
      "text" : "meter",
      "whiteSpace" : false
    }, {
      "id" : "s13-t7",
      "begin" : 1314,
      "end" : 1317,
      "text" : "and",
      "whiteSpace" : false
    }, {
      "id" : "s13-t8",
      "begin" : 1318,
      "end" : 1325,
      "text" : "prepaid",
      "whiteSpace" : false
    }, {
      "id" : "s13-t9",
      "begin" : 1326,
      "end" : 1333,
      "text" : "billing",
      "whiteSpace" : false
    }, {
      "id" : "s13-t10",
      "begin" : 1334,
      "end" : 1340,
      "text" : "system",
      "whiteSpace" : false
    }, {
      "id" : "s13-t11",
      "begin" : 1340,
      "end" : 1341,
      "text" : "”",
      "whiteSpace" : false
    }, {
      "id" : "s13-t12",
      "begin" : 1348,
      "end" : 1350,
      "text" : "In",
      "whiteSpace" : false
    }, {
      "id" : "s13-t13",
      "begin" : 1351,
      "end" : 1355,
      "text" : "this",
      "whiteSpace" : false
    }, {
      "id" : "s13-t14",
      "begin" : 1356,
      "end" : 1363,
      "text" : "project",
      "whiteSpace" : false
    }, {
      "id" : "s13-t15",
      "begin" : 1364,
      "end" : 1366,
      "text" : "we",
      "whiteSpace" : false
    }, {
      "id" : "s13-t16",
      "begin" : 1367,
      "end" : 1370,
      "text" : "had",
      "whiteSpace" : false
    }, {
      "id" : "s13-t17",
      "begin" : 1371,
      "end" : 1381,
      "text" : "introduced",
      "whiteSpace" : false
    }, {
      "id" : "s13-t18",
      "begin" : 1382,
      "end" : 1383,
      "text" : "a",
      "whiteSpace" : false
    }, {
      "id" : "s13-t19",
      "begin" : 1384,
      "end" : 1391,
      "text" : "prepaid",
      "whiteSpace" : false
    }, {
      "id" : "s13-t20",
      "begin" : 1392,
      "end" : 1396,
      "text" : "bill",
      "whiteSpace" : false
    }, {
      "id" : "s13-t21",
      "begin" : 1397,
      "end" : 1404,
      "text" : "payment",
      "whiteSpace" : false
    }, {
      "id" : "s13-t22",
      "begin" : 1405,
      "end" : 1411,
      "text" : "system",
      "whiteSpace" : false
    }, {
      "id" : "s13-t23",
      "begin" : 1412,
      "end" : 1414,
      "text" : "in",
      "whiteSpace" : false
    }, {
      "id" : "s13-t24",
      "begin" : 1415,
      "end" : 1420,
      "text" : "which",
      "whiteSpace" : false
    }, {
      "id" : "s13-t25",
      "begin" : 1421,
      "end" : 1423,
      "text" : "we",
      "whiteSpace" : false
    }, {
      "id" : "s13-t26",
      "begin" : 1424,
      "end" : 1427,
      "text" : "can",
      "whiteSpace" : false
    }, {
      "id" : "s13-t27",
      "begin" : 1430,
      "end" : 1438,
      "text" : "recharge",
      "whiteSpace" : false
    }, {
      "id" : "s13-t28",
      "begin" : 1439,
      "end" : 1442,
      "text" : "our",
      "whiteSpace" : false
    }, {
      "id" : "s13-t29",
      "begin" : 1443,
      "end" : 1450,
      "text" : "account",
      "whiteSpace" : false
    }, {
      "id" : "s13-t30",
      "begin" : 1451,
      "end" : 1458,
      "text" : "through",
      "whiteSpace" : false
    }, {
      "id" : "s13-t31",
      "begin" : 1459,
      "end" : 1465,
      "text" : "mobile",
      "whiteSpace" : false
    }, {
      "id" : "s13-t32",
      "begin" : 1466,
      "end" : 1472,
      "text" : "phones",
      "whiteSpace" : false
    }, {
      "id" : "s13-t33",
      "begin" : 1473,
      "end" : 1476,
      "text" : "and",
      "whiteSpace" : false
    }, {
      "id" : "s13-t34",
      "begin" : 1477,
      "end" : 1480,
      "text" : "use",
      "whiteSpace" : false
    }, {
      "id" : "s13-t35",
      "begin" : 1481,
      "end" : 1492,
      "text" : "electricity",
      "whiteSpace" : false
    }, {
      "id" : "s13-t36",
      "begin" : 1493,
      "end" : 1495,
      "text" : "at",
      "whiteSpace" : false
    }, {
      "id" : "s13-t37",
      "begin" : 1496,
      "end" : 1500,
      "text" : "home",
      "whiteSpace" : false
    }, {
      "id" : "s13-t38",
      "begin" : 1500,
      "end" : 1501,
      "text" : ".",
      "whiteSpace" : false
    } ]
  }, {
    "id" : "s14",
    "begin" : 1502,
    "end" : 1586,
    "text" : "Balance \nwill be deducted directly from our account during the consumption of power.",
    "tokens" : [ {
      "id" : "s14-t0",
      "begin" : 1502,
      "end" : 1509,
      "text" : "Balance",
      "whiteSpace" : false
    }, {
      "id" : "s14-t1",
      "begin" : 1511,
      "end" : 1515,
      "text" : "will",
      "whiteSpace" : false
    }, {
      "id" : "s14-t2",
      "begin" : 1516,
      "end" : 1518,
      "text" : "be",
      "whiteSpace" : false
    }, {
      "id" : "s14-t3",
      "begin" : 1519,
      "end" : 1527,
      "text" : "deducted",
      "whiteSpace" : false
    }, {
      "id" : "s14-t4",
      "begin" : 1528,
      "end" : 1536,
      "text" : "directly",
      "whiteSpace" : false
    }, {
      "id" : "s14-t5",
      "begin" : 1537,
      "end" : 1541,
      "text" : "from",
      "whiteSpace" : false
    }, {
      "id" : "s14-t6",
      "begin" : 1542,
      "end" : 1545,
      "text" : "our",
      "whiteSpace" : false
    }, {
      "id" : "s14-t7",
      "begin" : 1546,
      "end" : 1553,
      "text" : "account",
      "whiteSpace" : false
    }, {
      "id" : "s14-t8",
      "begin" : 1554,
      "end" : 1560,
      "text" : "during",
      "whiteSpace" : false
    }, {
      "id" : "s14-t9",
      "begin" : 1561,
      "end" : 1564,
      "text" : "the",
      "whiteSpace" : false
    }, {
      "id" : "s14-t10",
      "begin" : 1565,
      "end" : 1576,
      "text" : "consumption",
      "whiteSpace" : false
    }, {
      "id" : "s14-t11",
      "begin" : 1577,
      "end" : 1579,
      "text" : "of",
      "whiteSpace" : false
    }, {
      "id" : "s14-t12",
      "begin" : 1580,
      "end" : 1585,
      "text" : "power",
      "whiteSpace" : false
    }, {
      "id" : "s14-t13",
      "begin" : 1585,
      "end" : 1586,
      "text" : ".",
      "whiteSpace" : false
    } ]
  }, {
    "id" : "s15",
    "begin" : 1587,
    "end" : 1680,
    "text" : "Also, this project detects the power theft by external tapping or bypassing the Energy\nmeter.",
    "tokens" : [ {
      "id" : "s15-t0",
      "begin" : 1587,
      "end" : 1591,
      "text" : "Also",
      "whiteSpace" : false
    }, {
      "id" : "s15-t1",
      "begin" : 1591,
      "end" : 1592,
      "text" : ",",
      "whiteSpace" : false
    }, {
      "id" : "s15-t2",
      "begin" : 1593,
      "end" : 1597,
      "text" : "this",
      "whiteSpace" : false
    }, {
      "id" : "s15-t3",
      "begin" : 1598,
      "end" : 1605,
      "text" : "project",
      "whiteSpace" : false
    }, {
      "id" : "s15-t4",
      "begin" : 1606,
      "end" : 1613,
      "text" : "detects",
      "whiteSpace" : false
    }, {
      "id" : "s15-t5",
      "begin" : 1614,
      "end" : 1617,
      "text" : "the",
      "whiteSpace" : false
    }, {
      "id" : "s15-t6",
      "begin" : 1618,
      "end" : 1623,
      "text" : "power",
      "whiteSpace" : false
    }, {
      "id" : "s15-t7",
      "begin" : 1624,
      "end" : 1629,
      "text" : "theft",
      "whiteSpace" : false
    }, {
      "id" : "s15-t8",
      "begin" : 1630,
      "end" : 1632,
      "text" : "by",
      "whiteSpace" : false
    }, {
      "id" : "s15-t9",
      "begin" : 1633,
      "end" : 1641,
      "text" : "external",
      "whiteSpace" : false
    }, {
      "id" : "s15-t10",
      "begin" : 1642,
      "end" : 1649,
      "text" : "tapping",
      "whiteSpace" : false
    }, {
      "id" : "s15-t11",
      "begin" : 1650,
      "end" : 1652,
      "text" : "or",
      "whiteSpace" : false
    }, {
      "id" : "s15-t12",
      "begin" : 1653,
      "end" : 1662,
      "text" : "bypassing",
      "whiteSpace" : false
    }, {
      "id" : "s15-t13",
      "begin" : 1663,
      "end" : 1666,
      "text" : "the",
      "whiteSpace" : false
    }, {
      "id" : "s15-t14",
      "begin" : 1667,
      "end" : 1673,
      "text" : "Energy",
      "whiteSpace" : false
    }, {
      "id" : "s15-t15",
      "begin" : 1674,
      "end" : 1679,
      "text" : "meter",
      "whiteSpace" : false
    }, {
      "id" : "s15-t16",
      "begin" : 1679,
      "end" : 1680,
      "text" : ".",
      "whiteSpace" : false
    } ]
  }, {
    "id" : "s16",
    "begin" : 1681,
    "end" : 1752,
    "text" : "It will alert the Electricity board and the consumer about Power theft.",
    "tokens" : [ {
      "id" : "s16-t0",
      "begin" : 1681,
      "end" : 1683,
      "text" : "It",
      "whiteSpace" : false
    }, {
      "id" : "s16-t1",
      "begin" : 1684,
      "end" : 1688,
      "text" : "will",
      "whiteSpace" : false
    }, {
      "id" : "s16-t2",
      "begin" : 1689,
      "end" : 1694,
      "text" : "alert",
      "whiteSpace" : false
    }, {
      "id" : "s16-t3",
      "begin" : 1695,
      "end" : 1698,
      "text" : "the",
      "whiteSpace" : false
    }, {
      "id" : "s16-t4",
      "begin" : 1699,
      "end" : 1710,
      "text" : "Electricity",
      "whiteSpace" : false
    }, {
      "id" : "s16-t5",
      "begin" : 1711,
      "end" : 1716,
      "text" : "board",
      "whiteSpace" : false
    }, {
      "id" : "s16-t6",
      "begin" : 1717,
      "end" : 1720,
      "text" : "and",
      "whiteSpace" : false
    }, {
      "id" : "s16-t7",
      "begin" : 1721,
      "end" : 1724,
      "text" : "the",
      "whiteSpace" : false
    }, {
      "id" : "s16-t8",
      "begin" : 1725,
      "end" : 1733,
      "text" : "consumer",
      "whiteSpace" : false
    }, {
      "id" : "s16-t9",
      "begin" : 1734,
      "end" : 1739,
      "text" : "about",
      "whiteSpace" : false
    }, {
      "id" : "s16-t10",
      "begin" : 1740,
      "end" : 1745,
      "text" : "Power",
      "whiteSpace" : false
    }, {
      "id" : "s16-t11",
      "begin" : 1746,
      "end" : 1751,
      "text" : "theft",
      "whiteSpace" : false
    }, {
      "id" : "s16-t12",
      "begin" : 1751,
      "end" : 1752,
      "text" : ".",
      "whiteSpace" : false
    } ]
  }, {
    "id" : "s17",
    "begin" : 1753,
    "end" : 1914,
    "text" : "3. Organized an event named “ROBO SUMO” and “ROBO HAMMER at NIMBUS \n(Technical fest NIT HAMIRPUR) 2019. Various participants came and made the \nevent successful.",
    "tokens" : [ {
      "id" : "s17-t0",
      "begin" : 1753,
      "end" : 1755,
      "text" : "3.",
      "whiteSpace" : false
    }, {
      "id" : "s17-t1",
      "begin" : 1756,
      "end" : 1765,
      "text" : "Organized",
      "whiteSpace" : false
    }, {
      "id" : "s17-t2",
      "begin" : 1766,
      "end" : 1768,
      "text" : "an",
      "whiteSpace" : false
    }, {
      "id" : "s17-t3",
      "begin" : 1769,
      "end" : 1774,
      "text" : "event",
      "whiteSpace" : false
    }, {
      "id" : "s17-t4",
      "begin" : 1775,
      "end" : 1780,
      "text" : "named",
      "whiteSpace" : false
    }, {
      "id" : "s17-t5",
      "begin" : 1781,
      "end" : 1782,
      "text" : "“",
      "whiteSpace" : false
    }, {
      "id" : "s17-t6",
      "begin" : 1782,
      "end" : 1786,
      "text" : "ROBO",
      "whiteSpace" : false
    }, {
      "id" : "s17-t7",
      "begin" : 1787,
      "end" : 1791,
      "text" : "SUMO",
      "whiteSpace" : false
    }, {
      "id" : "s17-t8",
      "begin" : 1791,
      "end" : 1792,
      "text" : "”",
      "whiteSpace" : false
    }, {
      "id" : "s17-t9",
      "begin" : 1793,
      "end" : 1796,
      "text" : "and",
      "whiteSpace" : false
    }, {
      "id" : "s17-t10",
      "begin" : 1797,
      "end" : 1798,
      "text" : "“",
      "whiteSpace" : false
    }, {
      "id" : "s17-t11",
      "begin" : 1798,
      "end" : 1802,
      "text" : "ROBO",
      "whiteSpace" : false
    }, {
      "id" : "s17-t12",
      "begin" : 1803,
      "end" : 1809,
      "text" : "HAMMER",
      "whiteSpace" : false
    }, {
      "id" : "s17-t13",
      "begin" : 1810,
      "end" : 1812,
      "text" : "at",
      "whiteSpace" : false
    }, {
      "id" : "s17-t14",
      "begin" : 1813,
      "end" : 1819,
      "text" : "NIMBUS",
      "whiteSpace" : false
    }, {
      "id" : "s17-t15",
      "begin" : 1821,
      "end" : 1822,
      "text" : "(",
      "whiteSpace" : false
    }, {
      "id" : "s17-t16",
      "begin" : 1822,
      "end" : 1831,
      "text" : "Technical",
      "whiteSpace" : false
    }, {
      "id" : "s17-t17",
      "begin" : 1832,
      "end" : 1836,
      "text" : "fest",
      "whiteSpace" : false
    }, {
      "id" : "s17-t18",
      "begin" : 1837,
      "end" : 1840,
      "text" : "NIT",
      "whiteSpace" : false
    }, {
      "id" : "s17-t19",
      "begin" : 1841,
      "end" : 1849,
      "text" : "HAMIRPUR",
      "whiteSpace" : false
    }, {
      "id" : "s17-t20",
      "begin" : 1849,
      "end" : 1850,
      "text" : ")",
      "whiteSpace" : false
    }, {
      "id" : "s17-t21",
      "begin" : 1851,
      "end" : 1855,
      "text" : "2019",
      "whiteSpace" : false
    }, {
      "id" : "s17-t22",
      "begin" : 1855,
      "end" : 1856,
      "text" : ".",
      "whiteSpace" : false
    }, {
      "id" : "s17-t23",
      "begin" : 1857,
      "end" : 1864,
      "text" : "Various",
      "whiteSpace" : false
    }, {
      "id" : "s17-t24",
      "begin" : 1865,
      "end" : 1877,
      "text" : "participants",
      "whiteSpace" : false
    }, {
      "id" : "s17-t25",
      "begin" : 1878,
      "end" : 1882,
      "text" : "came",
      "whiteSpace" : false
    }, {
      "id" : "s17-t26",
      "begin" : 1883,
      "end" : 1886,
      "text" : "and",
      "whiteSpace" : false
    }, {
      "id" : "s17-t27",
      "begin" : 1887,
      "end" : 1891,
      "text" : "made",
      "whiteSpace" : false
    }, {
      "id" : "s17-t28",
      "begin" : 1892,
      "end" : 1895,
      "text" : "the",
      "whiteSpace" : false
    }, {
      "id" : "s17-t29",
      "begin" : 1897,
      "end" : 1902,
      "text" : "event",
      "whiteSpace" : false
    }, {
      "id" : "s17-t30",
      "begin" : 1903,
      "end" : 1913,
      "text" : "successful",
      "whiteSpace" : false
    }, {
      "id" : "s17-t31",
      "begin" : 1913,
      "end" : 1914,
      "text" : ".",
      "whiteSpace" : false
    } ]
  }, {
    "id" : "s18",
    "begin" : 1915,
    "end" : 1917,
    "text" : "4.",
    "tokens" : [ {
      "id" : "s18-t0",
      "begin" : 1915,
      "end" : 1916,
      "text" : "4",
      "whiteSpace" : false
    }, {
      "id" : "s18-t1",
      "begin" : 1916,
      "end" : 1917,
      "text" : ".",
      "whiteSpace" : false
    } ]
  }, {
    "id" : "s19",
    "begin" : 1918,
    "end" : 1981,
    "text" : "Completed 4 weeks training at Ambuja Cement Limited, Darlaghat.",
    "tokens" : [ {
      "id" : "s19-t0",
      "begin" : 1918,
      "end" : 1927,
      "text" : "Completed",
      "whiteSpace" : false
    }, {
      "id" : "s19-t1",
      "begin" : 1928,
      "end" : 1929,
      "text" : "4",
      "whiteSpace" : false
    }, {
      "id" : "s19-t2",
      "begin" : 1930,
      "end" : 1935,
      "text" : "weeks",
      "whiteSpace" : false
    }, {
      "id" : "s19-t3",
      "begin" : 1936,
      "end" : 1944,
      "text" : "training",
      "whiteSpace" : false
    }, {
      "id" : "s19-t4",
      "begin" : 1945,
      "end" : 1947,
      "text" : "at",
      "whiteSpace" : false
    }, {
      "id" : "s19-t5",
      "begin" : 1948,
      "end" : 1954,
      "text" : "Ambuja",
      "whiteSpace" : false
    }, {
      "id" : "s19-t6",
      "begin" : 1955,
      "end" : 1961,
      "text" : "Cement",
      "whiteSpace" : false
    }, {
      "id" : "s19-t7",
      "begin" : 1962,
      "end" : 1969,
      "text" : "Limited",
      "whiteSpace" : false
    }, {
      "id" : "s19-t8",
      "begin" : 1969,
      "end" : 1970,
      "text" : ",",
      "whiteSpace" : false
    }, {
      "id" : "s19-t9",
      "begin" : 1971,
      "end" : 1980,
      "text" : "Darlaghat",
      "whiteSpace" : false
    }, {
      "id" : "s19-t10",
      "begin" : 1980,
      "end" : 1981,
      "text" : ".",
      "whiteSpace" : false
    } ]
  }, {
    "id" : "s20",
    "begin" : 1983,
    "end" : 1985,
    "text" : "5.",
    "tokens" : [ {
      "id" : "s20-t0",
      "begin" : 1983,
      "end" : 1984,
      "text" : "5",
      "whiteSpace" : false
    }, {
      "id" : "s20-t1",
      "begin" : 1984,
      "end" : 1985,
      "text" : ".",
      "whiteSpace" : false
    } ]
  }, {
    "id" : "s21",
    "begin" : 1986,
    "end" : 2050,
    "text" : "Executive Member of Team OJAS (core team electrical Department).",
    "tokens" : [ {
      "id" : "s21-t0",
      "begin" : 1986,
      "end" : 1995,
      "text" : "Executive",
      "whiteSpace" : false
    }, {
      "id" : "s21-t1",
      "begin" : 1996,
      "end" : 2002,
      "text" : "Member",
      "whiteSpace" : false
    }, {
      "id" : "s21-t2",
      "begin" : 2003,
      "end" : 2005,
      "text" : "of",
      "whiteSpace" : false
    }, {
      "id" : "s21-t3",
      "begin" : 2006,
      "end" : 2010,
      "text" : "Team",
      "whiteSpace" : false
    }, {
      "id" : "s21-t4",
      "begin" : 2011,
      "end" : 2015,
      "text" : "OJAS",
      "whiteSpace" : false
    }, {
      "id" : "s21-t5",
      "begin" : 2016,
      "end" : 2017,
      "text" : "(",
      "whiteSpace" : false
    }, {
      "id" : "s21-t6",
      "begin" : 2017,
      "end" : 2021,
      "text" : "core",
      "whiteSpace" : false
    }, {
      "id" : "s21-t7",
      "begin" : 2022,
      "end" : 2026,
      "text" : "team",
      "whiteSpace" : false
    }, {
      "id" : "s21-t8",
      "begin" : 2027,
      "end" : 2037,
      "text" : "electrical",
      "whiteSpace" : false
    }, {
      "id" : "s21-t9",
      "begin" : 2038,
      "end" : 2048,
      "text" : "Department",
      "whiteSpace" : false
    }, {
      "id" : "s21-t10",
      "begin" : 2048,
      "end" : 2049,
      "text" : ")",
      "whiteSpace" : false
    }, {
      "id" : "s21-t11",
      "begin" : 2049,
      "end" : 2050,
      "text" : ".",
      "whiteSpace" : false
    } ]
  }, {
    "id" : "s22",
    "begin" : 2051,
    "end" : 2053,
    "text" : "6.",
    "tokens" : [ {
      "id" : "s22-t0",
      "begin" : 2051,
      "end" : 2052,
      "text" : "6",
      "whiteSpace" : false
    }, {
      "id" : "s22-t1",
      "begin" : 2052,
      "end" : 2053,
      "text" : ".",
      "whiteSpace" : false
    } ]
  }, {
    "id" : "s23",
    "begin" : 2054,
    "end" : 2104,
    "text" : "Executive Member of NSS (National Service Scheme).",
    "tokens" : [ {
      "id" : "s23-t0",
      "begin" : 2054,
      "end" : 2063,
      "text" : "Executive",
      "whiteSpace" : false
    }, {
      "id" : "s23-t1",
      "begin" : 2064,
      "end" : 2070,
      "text" : "Member",
      "whiteSpace" : false
    }, {
      "id" : "s23-t2",
      "begin" : 2071,
      "end" : 2073,
      "text" : "of",
      "whiteSpace" : false
    }, {
      "id" : "s23-t3",
      "begin" : 2074,
      "end" : 2077,
      "text" : "NSS",
      "whiteSpace" : false
    }, {
      "id" : "s23-t4",
      "begin" : 2078,
      "end" : 2079,
      "text" : "(",
      "whiteSpace" : false
    }, {
      "id" : "s23-t5",
      "begin" : 2079,
      "end" : 2087,
      "text" : "National",
      "whiteSpace" : false
    }, {
      "id" : "s23-t6",
      "begin" : 2088,
      "end" : 2095,
      "text" : "Service",
      "whiteSpace" : false
    }, {
      "id" : "s23-t7",
      "begin" : 2096,
      "end" : 2102,
      "text" : "Scheme",
      "whiteSpace" : false
    }, {
      "id" : "s23-t8",
      "begin" : 2102,
      "end" : 2103,
      "text" : ")",
      "whiteSpace" : false
    }, {
      "id" : "s23-t9",
      "begin" : 2103,
      "end" : 2104,
      "text" : ".",
      "whiteSpace" : false
    } ]
  }, {
    "id" : "s24",
    "begin" : 2109,
    "end" : 2110,
    "text" : "2",
    "tokens" : [ {
      "id" : "s24-t0",
      "begin" : 2109,
      "end" : 2110,
      "text" : "2",
      "whiteSpace" : false
    } ]
  } ],
  "mentions" : [ {
    "id" : "s0-m1",
    "properties" : {
      "SIRE_MENTION_ROLE" : "Name",
      "SIRE_ENTITY_SUBTYPE" : "NONE",
      "SIRE_MENTION_TYPE" : "NONE",
      "SIRE_MENTION_CLASS" : "SPC"
    },
    "type" : "Name",
    "begin" : 0,
    "end" : 13,
    "inCoref" : false
  }, {
    "id" : "s0-m2",
    "properties" : {
      "SIRE_MENTION_ROLE" : "Personal_Details",
      "SIRE_ENTITY_SUBTYPE" : "NONE",
      "SIRE_MENTION_TYPE" : "NONE",
      "SIRE_MENTION_CLASS" : "SPC"
    },
    "type" : "Personal_Details",
    "begin" : 14,
    "end" : 24,
    "inCoref" : false
  }, {
    "id" : "s0-m3",
    "properties" : {
      "SIRE_MENTION_ROLE" : "Personal_Details",
      "SIRE_ENTITY_SUBTYPE" : "NONE",
      "SIRE_MENTION_TYPE" : "NONE",
      "SIRE_MENTION_CLASS" : "SPC"
    },
    "type" : "Personal_Details",
    "begin" : 27,
    "end" : 46,
    "inCoref" : false
  }, {
    "id" : "s0-m4",
    "properties" : {
      "SIRE_MENTION_ROLE" : "Academic_Skills",
      "SIRE_ENTITY_SUBTYPE" : "NONE",
      "SIRE_MENTION_TYPE" : "NONE",
      "SIRE_MENTION_CLASS" : "SPC"
    },
    "type" : "Academic_Skills",
    "begin" : 57,
    "end" : 259,
    "inCoref" : false
  }, {
    "id" : "s1-m1",
    "properties" : {
      "SIRE_MENTION_ROLE" : "Education",
      "SIRE_ENTITY_SUBTYPE" : "NONE",
      "SIRE_MENTION_TYPE" : "NONE",
      "SIRE_MENTION_CLASS" : "SPC"
    },
    "type" : "Education",
    "begin" : 262,
    "end" : 552,
    "inCoref" : false
  }, {
    "id" : "s1-m2",
    "properties" : {
      "SIRE_MENTION_ROLE" : "Languages",
      "SIRE_ENTITY_SUBTYPE" : "NONE",
      "SIRE_MENTION_TYPE" : "NONE",
      "SIRE_MENTION_CLASS" : "SPC"
    },
    "type" : "Languages",
    "begin" : 554,
    "end" : 587,
    "inCoref" : false
  }, {
    "id" : "s1-m3",
    "properties" : {
      "SIRE_MENTION_ROLE" : "Languages",
      "SIRE_ENTITY_SUBTYPE" : "NONE",
      "SIRE_MENTION_TYPE" : "NONE",
      "SIRE_MENTION_CLASS" : "SPC"
    },
    "type" : "Languages",
    "begin" : 587,
    "end" : 628,
    "inCoref" : false
  }, {
    "id" : "s2-m1",
    "properties" : {
      "SIRE_MENTION_ROLE" : "Academic_Skills",
      "SIRE_ENTITY_SUBTYPE" : "NONE",
      "SIRE_MENTION_TYPE" : "NONE",
      "SIRE_MENTION_CLASS" : "SPC"
    },
    "type" : "Academic_Skills",
    "begin" : 629,
    "end" : 646,
    "inCoref" : false
  }, {
    "id" : "s2-m2",
    "properties" : {
      "SIRE_MENTION_ROLE" : "Activities",
      "SIRE_ENTITY_SUBTYPE" : "NONE",
      "SIRE_MENTION_TYPE" : "NONE",
      "SIRE_MENTION_CLASS" : "SPC"
    },
    "type" : "Activities",
    "begin" : 648,
    "end" : 688,
    "inCoref" : false
  }, {
    "id" : "s3-m1",
    "properties" : {
      "SIRE_MENTION_ROLE" : "Activities",
      "SIRE_ENTITY_SUBTYPE" : "NONE",
      "SIRE_MENTION_TYPE" : "NONE",
      "SIRE_MENTION_CLASS" : "SPC"
    },
    "type" : "Activities",
    "begin" : 689,
    "end" : 735,
    "inCoref" : false
  }, {
    "id" : "s4-m1",
    "properties" : {
      "SIRE_MENTION_ROLE" : "skills",
      "SIRE_ENTITY_SUBTYPE" : "NONE",
      "SIRE_MENTION_TYPE" : "NONE",
      "SIRE_MENTION_CLASS" : "SPC"
    },
    "type" : "skills",
    "begin" : 739,
    "end" : 785,
    "inCoref" : false
  }, {
    "id" : "s5-m1",
    "properties" : {
      "SIRE_MENTION_ROLE" : "skills",
      "SIRE_ENTITY_SUBTYPE" : "NONE",
      "SIRE_MENTION_TYPE" : "NONE",
      "SIRE_MENTION_CLASS" : "SPC"
    },
    "type" : "skills",
    "begin" : 786,
    "end" : 866,
    "inCoref" : false
  }, {
    "id" : "s5-m2",
    "properties" : {
      "SIRE_MENTION_ROLE" : "skills",
      "SIRE_ENTITY_SUBTYPE" : "NONE",
      "SIRE_MENTION_TYPE" : "NONE",
      "SIRE_MENTION_CLASS" : "SPC"
    },
    "type" : "skills",
    "begin" : 867,
    "end" : 876,
    "inCoref" : false
  }, {
    "id" : "s6-m1",
    "properties" : {
      "SIRE_MENTION_ROLE" : "skills",
      "SIRE_ENTITY_SUBTYPE" : "NONE",
      "SIRE_MENTION_TYPE" : "NONE",
      "SIRE_MENTION_CLASS" : "SPC"
    },
    "type" : "skills",
    "begin" : 879,
    "end" : 888,
    "inCoref" : false
  }, {
    "id" : "s7-m1",
    "properties" : {
      "SIRE_MENTION_ROLE" : "Achievements",
      "SIRE_ENTITY_SUBTYPE" : "NONE",
      "SIRE_MENTION_TYPE" : "NONE",
      "SIRE_MENTION_CLASS" : "SPC"
    },
    "type" : "Achievements",
    "begin" : 900,
    "end" : 939,
    "inCoref" : false
  }, {
    "id" : "s8-m1",
    "properties" : {
      "SIRE_MENTION_ROLE" : "Achievements",
      "SIRE_ENTITY_SUBTYPE" : "NONE",
      "SIRE_MENTION_TYPE" : "NONE",
      "SIRE_MENTION_CLASS" : "SPC"
    },
    "type" : "Achievements",
    "begin" : 943,
    "end" : 998,
    "inCoref" : false
  }, {
    "id" : "s9-m1",
    "properties" : {
      "SIRE_MENTION_ROLE" : "Achievements",
      "SIRE_ENTITY_SUBTYPE" : "NONE",
      "SIRE_MENTION_TYPE" : "NONE",
      "SIRE_MENTION_CLASS" : "SPC"
    },
    "type" : "Achievements",
    "begin" : 1000,
    "end" : 1031,
    "inCoref" : false
  }, {
    "id" : "s13-m1",
    "properties" : {
      "SIRE_MENTION_ROLE" : "Achievements",
      "SIRE_ENTITY_SUBTYPE" : "NONE",
      "SIRE_MENTION_TYPE" : "NONE",
      "SIRE_MENTION_CLASS" : "SPC"
    },
    "type" : "Achievements",
    "begin" : 1278,
    "end" : 1500,
    "inCoref" : false
  }, {
    "id" : "s19-m1",
    "properties" : {
      "SIRE_MENTION_ROLE" : "Internships",
      "SIRE_ENTITY_SUBTYPE" : "NONE",
      "SIRE_MENTION_TYPE" : "NONE",
      "SIRE_MENTION_CLASS" : "SPC"
    },
    "type" : "Internships",
    "begin" : 1918,
    "end" : 1981,
    "inCoref" : false
  }, {
    "id" : "s21-m1",
    "properties" : {
      "SIRE_MENTION_ROLE" : "Certifications",
      "SIRE_ENTITY_SUBTYPE" : "NONE",
      "SIRE_MENTION_TYPE" : "NONE",
      "SIRE_MENTION_CLASS" : "SPC"
    },
    "type" : "Certifications",
    "begin" : 1986,
    "end" : 2049,
    "inCoref" : false
  }, {
    "id" : "s23-m1",
    "properties" : {
      "SIRE_MENTION_ROLE" : "Certifications",
      "SIRE_ENTITY_SUBTYPE" : "NONE",
      "SIRE_MENTION_TYPE" : "NONE",
      "SIRE_MENTION_CLASS" : "SPC"
    },
    "type" : "Certifications",
    "begin" : 2054,
    "end" : 2103,
    "inCoref" : false
  } ],
  "relations" : [ ],
  "corefs" : [ ],
  "typeResolved" : true,
  "userResolved" : false
}