{
  "id" : "6048c350-c523-11ea-b4c4-873b00b909ef-0",
  "name" : "cv new.pdf",
  "createdDate" : 0,
  "version" : 3,
  "text" : " \nKALPANSH VERMA\nOpposite marimata kherapati road Gwalior 2 Madhya Pradesh, , \n7974935895 | kv914.kv@gmail.com\nCAREER OBJECTIVE\nTo obtain a position that will enable me to use my strong organizational skills, award-winning educational \nbackground, and ability to work well with people.\nEDUCATION\nNational institute of technology\nBachelor of technology in Electrical engineering\n 7.66\n 2017\nR.K.V.M school Gwalior\nIntermediate\n 83.8\n 2016\nTECHNICAL SKILLS\nProgramming skills SQL,C++, C, Data structure, MATLAB, assembly level(8085)\nMicrocontrollers ATmeg8,Arduino\nPROJECTS\nRailway track crack detection\nThe objective of this project is to detect the crack in railway track automatically without any human \nintervention. Vibrational sensor is used to find the faults and then message is sent directly to nearby \nheadquarters.\nACHIEVEMENTS & AWARDS\nCore team co ordinator, OJAS (TECHNICAL CLUB OF EEE)\nExecutive member, NSS, NITH\nINDUSTRIAL EXPOSURE\nMegatherm private limited -> Through this intern I got an exposure to the transformer and it's various parts. \nBasically about power and furnace transformer and different types of core making, winding and all.\nPERSONAL STRENGTHS\nCompletion of a work assigned is always at a priority.\n Fair Management of task given .\n \nKALPANSH VERMA\n \n \n \nPERSONAL PROFILE\nDate of Birth : 14/09/1998\nMarital Status : Single\nNationality : Indian\nKnown Languages : English,hindi\nHobby : Badminton Cricket\n \n \n",
  "docLength" : 0,
  "language" : "EN",
  "status" : "SUBMITTED",
  "modifiedDate" : 1594701020595,
  "documentSet" : [ ],
  "preannotation" : [ ],
  "sentences" : [ {
    "id" : "s0",
    "begin" : 2,
    "end" : 285,
    "text" : "KALPANSH VERMA\nOpposite marimata kherapati road Gwalior 2 Madhya Pradesh, , \n7974935895 | kv914.kv@gmail.com\nCAREER OBJECTIVE\nTo obtain a position that will enable me to use my strong organizational skills, award-winning educational \nbackground, and ability to work well with people.",
    "tokens" : [ {
      "id" : "s0-t0",
      "begin" : 2,
      "end" : 10,
      "text" : "KALPANSH",
      "whiteSpace" : false
    }, {
      "id" : "s0-t1",
      "begin" : 11,
      "end" : 16,
      "text" : "VERMA",
      "whiteSpace" : false
    }, {
      "id" : "s0-t2",
      "begin" : 17,
      "end" : 25,
      "text" : "Opposite",
      "whiteSpace" : false
    }, {
      "id" : "s0-t3",
      "begin" : 26,
      "end" : 34,
      "text" : "marimata",
      "whiteSpace" : false
    }, {
      "id" : "s0-t4",
      "begin" : 35,
      "end" : 44,
      "text" : "kherapati",
      "whiteSpace" : false
    }, {
      "id" : "s0-t5",
      "begin" : 45,
      "end" : 49,
      "text" : "road",
      "whiteSpace" : false
    }, {
      "id" : "s0-t6",
      "begin" : 50,
      "end" : 57,
      "text" : "Gwalior",
      "whiteSpace" : false
    }, {
      "id" : "s0-t7",
      "begin" : 58,
      "end" : 59,
      "text" : "2",
      "whiteSpace" : false
    }, {
      "id" : "s0-t8",
      "begin" : 60,
      "end" : 66,
      "text" : "Madhya",
      "whiteSpace" : false
    }, {
      "id" : "s0-t9",
      "begin" : 67,
      "end" : 74,
      "text" : "Pradesh",
      "whiteSpace" : false
    }, {
      "id" : "s0-t10",
      "begin" : 74,
      "end" : 75,
      "text" : ",",
      "whiteSpace" : false
    }, {
      "id" : "s0-t11",
      "begin" : 76,
      "end" : 77,
      "text" : ",",
      "whiteSpace" : false
    }, {
      "id" : "s0-t12",
      "begin" : 79,
      "end" : 89,
      "text" : "7974935895",
      "whiteSpace" : false
    }, {
      "id" : "s0-t13",
      "begin" : 90,
      "end" : 91,
      "text" : "|",
      "whiteSpace" : false
    }, {
      "id" : "s0-t14",
      "begin" : 92,
      "end" : 110,
      "text" : "kv914.kv@gmail.com",
      "whiteSpace" : false
    }, {
      "id" : "s0-t15",
      "begin" : 111,
      "end" : 117,
      "text" : "CAREER",
      "whiteSpace" : false
    }, {
      "id" : "s0-t16",
      "begin" : 118,
      "end" : 127,
      "text" : "OBJECTIVE",
      "whiteSpace" : false
    }, {
      "id" : "s0-t17",
      "begin" : 128,
      "end" : 130,
      "text" : "To",
      "whiteSpace" : false
    }, {
      "id" : "s0-t18",
      "begin" : 131,
      "end" : 137,
      "text" : "obtain",
      "whiteSpace" : false
    }, {
      "id" : "s0-t19",
      "begin" : 138,
      "end" : 139,
      "text" : "a",
      "whiteSpace" : false
    }, {
      "id" : "s0-t20",
      "begin" : 140,
      "end" : 148,
      "text" : "position",
      "whiteSpace" : false
    }, {
      "id" : "s0-t21",
      "begin" : 149,
      "end" : 153,
      "text" : "that",
      "whiteSpace" : false
    }, {
      "id" : "s0-t22",
      "begin" : 154,
      "end" : 158,
      "text" : "will",
      "whiteSpace" : false
    }, {
      "id" : "s0-t23",
      "begin" : 159,
      "end" : 165,
      "text" : "enable",
      "whiteSpace" : false
    }, {
      "id" : "s0-t24",
      "begin" : 166,
      "end" : 168,
      "text" : "me",
      "whiteSpace" : false
    }, {
      "id" : "s0-t25",
      "begin" : 169,
      "end" : 171,
      "text" : "to",
      "whiteSpace" : false
    }, {
      "id" : "s0-t26",
      "begin" : 172,
      "end" : 175,
      "text" : "use",
      "whiteSpace" : false
    }, {
      "id" : "s0-t27",
      "begin" : 176,
      "end" : 178,
      "text" : "my",
      "whiteSpace" : false
    }, {
      "id" : "s0-t28",
      "begin" : 179,
      "end" : 185,
      "text" : "strong",
      "whiteSpace" : false
    }, {
      "id" : "s0-t29",
      "begin" : 186,
      "end" : 200,
      "text" : "organizational",
      "whiteSpace" : false
    }, {
      "id" : "s0-t30",
      "begin" : 201,
      "end" : 207,
      "text" : "skills",
      "whiteSpace" : false
    }, {
      "id" : "s0-t31",
      "begin" : 207,
      "end" : 208,
      "text" : ",",
      "whiteSpace" : false
    }, {
      "id" : "s0-t32",
      "begin" : 209,
      "end" : 222,
      "text" : "award-winning",
      "whiteSpace" : false
    }, {
      "id" : "s0-t33",
      "begin" : 223,
      "end" : 234,
      "text" : "educational",
      "whiteSpace" : false
    }, {
      "id" : "s0-t34",
      "begin" : 236,
      "end" : 246,
      "text" : "background",
      "whiteSpace" : false
    }, {
      "id" : "s0-t35",
      "begin" : 246,
      "end" : 247,
      "text" : ",",
      "whiteSpace" : false
    }, {
      "id" : "s0-t36",
      "begin" : 248,
      "end" : 251,
      "text" : "and",
      "whiteSpace" : false
    }, {
      "id" : "s0-t37",
      "begin" : 252,
      "end" : 259,
      "text" : "ability",
      "whiteSpace" : false
    }, {
      "id" : "s0-t38",
      "begin" : 260,
      "end" : 262,
      "text" : "to",
      "whiteSpace" : false
    }, {
      "id" : "s0-t39",
      "begin" : 263,
      "end" : 267,
      "text" : "work",
      "whiteSpace" : false
    }, {
      "id" : "s0-t40",
      "begin" : 268,
      "end" : 272,
      "text" : "well",
      "whiteSpace" : false
    }, {
      "id" : "s0-t41",
      "begin" : 273,
      "end" : 277,
      "text" : "with",
      "whiteSpace" : false
    }, {
      "id" : "s0-t42",
      "begin" : 278,
      "end" : 284,
      "text" : "people",
      "whiteSpace" : false
    }, {
      "id" : "s0-t43",
      "begin" : 284,
      "end" : 285,
      "text" : ".",
      "whiteSpace" : false
    } ]
  }, {
    "id" : "s1",
    "begin" : 286,
    "end" : 718,
    "text" : "EDUCATION\nNational institute of technology\nBachelor of technology in Electrical engineering\n 7.66\n 2017\nR.K.V.M school Gwalior\nIntermediate\n 83.8\n 2016\nTECHNICAL SKILLS\nProgramming skills SQL,C++, C, Data structure, MATLAB, assembly level(8085)\nMicrocontrollers ATmeg8,Arduino\nPROJECTS\nRailway track crack detection\nThe objective of this project is to detect the crack in railway track automatically without any human \nintervention.",
    "tokens" : [ {
      "id" : "s1-t0",
      "begin" : 286,
      "end" : 295,
      "text" : "EDUCATION",
      "whiteSpace" : false
    }, {
      "id" : "s1-t1",
      "begin" : 296,
      "end" : 304,
      "text" : "National",
      "whiteSpace" : false
    }, {
      "id" : "s1-t2",
      "begin" : 305,
      "end" : 314,
      "text" : "institute",
      "whiteSpace" : false
    }, {
      "id" : "s1-t3",
      "begin" : 315,
      "end" : 317,
      "text" : "of",
      "whiteSpace" : false
    }, {
      "id" : "s1-t4",
      "begin" : 318,
      "end" : 328,
      "text" : "technology",
      "whiteSpace" : false
    }, {
      "id" : "s1-t5",
      "begin" : 329,
      "end" : 337,
      "text" : "Bachelor",
      "whiteSpace" : false
    }, {
      "id" : "s1-t6",
      "begin" : 338,
      "end" : 340,
      "text" : "of",
      "whiteSpace" : false
    }, {
      "id" : "s1-t7",
      "begin" : 341,
      "end" : 351,
      "text" : "technology",
      "whiteSpace" : false
    }, {
      "id" : "s1-t8",
      "begin" : 352,
      "end" : 354,
      "text" : "in",
      "whiteSpace" : false
    }, {
      "id" : "s1-t9",
      "begin" : 355,
      "end" : 365,
      "text" : "Electrical",
      "whiteSpace" : false
    }, {
      "id" : "s1-t10",
      "begin" : 366,
      "end" : 377,
      "text" : "engineering",
      "whiteSpace" : false
    }, {
      "id" : "s1-t11",
      "begin" : 379,
      "end" : 383,
      "text" : "7.66",
      "whiteSpace" : false
    }, {
      "id" : "s1-t12",
      "begin" : 385,
      "end" : 389,
      "text" : "2017",
      "whiteSpace" : false
    }, {
      "id" : "s1-t13",
      "begin" : 390,
      "end" : 392,
      "text" : "R.",
      "whiteSpace" : false
    }, {
      "id" : "s1-t14",
      "begin" : 392,
      "end" : 394,
      "text" : "K.",
      "whiteSpace" : false
    }, {
      "id" : "s1-t15",
      "begin" : 394,
      "end" : 396,
      "text" : "V.",
      "whiteSpace" : false
    }, {
      "id" : "s1-t16",
      "begin" : 396,
      "end" : 397,
      "text" : "M",
      "whiteSpace" : false
    }, {
      "id" : "s1-t17",
      "begin" : 398,
      "end" : 404,
      "text" : "school",
      "whiteSpace" : false
    }, {
      "id" : "s1-t18",
      "begin" : 405,
      "end" : 412,
      "text" : "Gwalior",
      "whiteSpace" : false
    }, {
      "id" : "s1-t19",
      "begin" : 413,
      "end" : 425,
      "text" : "Intermediate",
      "whiteSpace" : false
    }, {
      "id" : "s1-t20",
      "begin" : 427,
      "end" : 431,
      "text" : "83.8",
      "whiteSpace" : false
    }, {
      "id" : "s1-t21",
      "begin" : 433,
      "end" : 437,
      "text" : "2016",
      "whiteSpace" : false
    }, {
      "id" : "s1-t22",
      "begin" : 438,
      "end" : 447,
      "text" : "TECHNICAL",
      "whiteSpace" : false
    }, {
      "id" : "s1-t23",
      "begin" : 448,
      "end" : 454,
      "text" : "SKILLS",
      "whiteSpace" : false
    }, {
      "id" : "s1-t24",
      "begin" : 455,
      "end" : 466,
      "text" : "Programming",
      "whiteSpace" : false
    }, {
      "id" : "s1-t25",
      "begin" : 467,
      "end" : 473,
      "text" : "skills",
      "whiteSpace" : false
    }, {
      "id" : "s1-t26",
      "begin" : 474,
      "end" : 477,
      "text" : "SQL",
      "whiteSpace" : false
    }, {
      "id" : "s1-t27",
      "begin" : 477,
      "end" : 478,
      "text" : ",",
      "whiteSpace" : false
    }, {
      "id" : "s1-t28",
      "begin" : 478,
      "end" : 479,
      "text" : "C",
      "whiteSpace" : false
    }, {
      "id" : "s1-t29",
      "begin" : 479,
      "end" : 480,
      "text" : "+",
      "whiteSpace" : false
    }, {
      "id" : "s1-t30",
      "begin" : 480,
      "end" : 481,
      "text" : "+",
      "whiteSpace" : false
    }, {
      "id" : "s1-t31",
      "begin" : 481,
      "end" : 482,
      "text" : ",",
      "whiteSpace" : false
    }, {
      "id" : "s1-t32",
      "begin" : 483,
      "end" : 484,
      "text" : "C",
      "whiteSpace" : false
    }, {
      "id" : "s1-t33",
      "begin" : 484,
      "end" : 485,
      "text" : ",",
      "whiteSpace" : false
    }, {
      "id" : "s1-t34",
      "begin" : 486,
      "end" : 490,
      "text" : "Data",
      "whiteSpace" : false
    }, {
      "id" : "s1-t35",
      "begin" : 491,
      "end" : 500,
      "text" : "structure",
      "whiteSpace" : false
    }, {
      "id" : "s1-t36",
      "begin" : 500,
      "end" : 501,
      "text" : ",",
      "whiteSpace" : false
    }, {
      "id" : "s1-t37",
      "begin" : 502,
      "end" : 508,
      "text" : "MATLAB",
      "whiteSpace" : false
    }, {
      "id" : "s1-t38",
      "begin" : 508,
      "end" : 509,
      "text" : ",",
      "whiteSpace" : false
    }, {
      "id" : "s1-t39",
      "begin" : 510,
      "end" : 518,
      "text" : "assembly",
      "whiteSpace" : false
    }, {
      "id" : "s1-t40",
      "begin" : 519,
      "end" : 524,
      "text" : "level",
      "whiteSpace" : false
    }, {
      "id" : "s1-t41",
      "begin" : 524,
      "end" : 525,
      "text" : "(",
      "whiteSpace" : false
    }, {
      "id" : "s1-t42",
      "begin" : 525,
      "end" : 529,
      "text" : "8085",
      "whiteSpace" : false
    }, {
      "id" : "s1-t43",
      "begin" : 529,
      "end" : 530,
      "text" : ")",
      "whiteSpace" : false
    }, {
      "id" : "s1-t44",
      "begin" : 531,
      "end" : 547,
      "text" : "Microcontrollers",
      "whiteSpace" : false
    }, {
      "id" : "s1-t45",
      "begin" : 548,
      "end" : 554,
      "text" : "ATmeg8",
      "whiteSpace" : false
    }, {
      "id" : "s1-t46",
      "begin" : 554,
      "end" : 555,
      "text" : ",",
      "whiteSpace" : false
    }, {
      "id" : "s1-t47",
      "begin" : 555,
      "end" : 562,
      "text" : "Arduino",
      "whiteSpace" : false
    }, {
      "id" : "s1-t48",
      "begin" : 563,
      "end" : 571,
      "text" : "PROJECTS",
      "whiteSpace" : false
    }, {
      "id" : "s1-t49",
      "begin" : 572,
      "end" : 579,
      "text" : "Railway",
      "whiteSpace" : false
    }, {
      "id" : "s1-t50",
      "begin" : 580,
      "end" : 585,
      "text" : "track",
      "whiteSpace" : false
    }, {
      "id" : "s1-t51",
      "begin" : 586,
      "end" : 591,
      "text" : "crack",
      "whiteSpace" : false
    }, {
      "id" : "s1-t52",
      "begin" : 592,
      "end" : 601,
      "text" : "detection",
      "whiteSpace" : false
    }, {
      "id" : "s1-t53",
      "begin" : 602,
      "end" : 605,
      "text" : "The",
      "whiteSpace" : false
    }, {
      "id" : "s1-t54",
      "begin" : 606,
      "end" : 615,
      "text" : "objective",
      "whiteSpace" : false
    }, {
      "id" : "s1-t55",
      "begin" : 616,
      "end" : 618,
      "text" : "of",
      "whiteSpace" : false
    }, {
      "id" : "s1-t56",
      "begin" : 619,
      "end" : 623,
      "text" : "this",
      "whiteSpace" : false
    }, {
      "id" : "s1-t57",
      "begin" : 624,
      "end" : 631,
      "text" : "project",
      "whiteSpace" : false
    }, {
      "id" : "s1-t58",
      "begin" : 632,
      "end" : 634,
      "text" : "is",
      "whiteSpace" : false
    }, {
      "id" : "s1-t59",
      "begin" : 635,
      "end" : 637,
      "text" : "to",
      "whiteSpace" : false
    }, {
      "id" : "s1-t60",
      "begin" : 638,
      "end" : 644,
      "text" : "detect",
      "whiteSpace" : false
    }, {
      "id" : "s1-t61",
      "begin" : 645,
      "end" : 648,
      "text" : "the",
      "whiteSpace" : false
    }, {
      "id" : "s1-t62",
      "begin" : 649,
      "end" : 654,
      "text" : "crack",
      "whiteSpace" : false
    }, {
      "id" : "s1-t63",
      "begin" : 655,
      "end" : 657,
      "text" : "in",
      "whiteSpace" : false
    }, {
      "id" : "s1-t64",
      "begin" : 658,
      "end" : 665,
      "text" : "railway",
      "whiteSpace" : false
    }, {
      "id" : "s1-t65",
      "begin" : 666,
      "end" : 671,
      "text" : "track",
      "whiteSpace" : false
    }, {
      "id" : "s1-t66",
      "begin" : 672,
      "end" : 685,
      "text" : "automatically",
      "whiteSpace" : false
    }, {
      "id" : "s1-t67",
      "begin" : 686,
      "end" : 693,
      "text" : "without",
      "whiteSpace" : false
    }, {
      "id" : "s1-t68",
      "begin" : 694,
      "end" : 697,
      "text" : "any",
      "whiteSpace" : false
    }, {
      "id" : "s1-t69",
      "begin" : 698,
      "end" : 703,
      "text" : "human",
      "whiteSpace" : false
    }, {
      "id" : "s1-t70",
      "begin" : 705,
      "end" : 717,
      "text" : "intervention",
      "whiteSpace" : false
    }, {
      "id" : "s1-t71",
      "begin" : 717,
      "end" : 718,
      "text" : ".",
      "whiteSpace" : false
    } ]
  }, {
    "id" : "s2",
    "begin" : 719,
    "end" : 823,
    "text" : "Vibrational sensor is used to find the faults and then message is sent directly to nearby \nheadquarters.",
    "tokens" : [ {
      "id" : "s2-t0",
      "begin" : 719,
      "end" : 730,
      "text" : "Vibrational",
      "whiteSpace" : false
    }, {
      "id" : "s2-t1",
      "begin" : 731,
      "end" : 737,
      "text" : "sensor",
      "whiteSpace" : false
    }, {
      "id" : "s2-t2",
      "begin" : 738,
      "end" : 740,
      "text" : "is",
      "whiteSpace" : false
    }, {
      "id" : "s2-t3",
      "begin" : 741,
      "end" : 745,
      "text" : "used",
      "whiteSpace" : false
    }, {
      "id" : "s2-t4",
      "begin" : 746,
      "end" : 748,
      "text" : "to",
      "whiteSpace" : false
    }, {
      "id" : "s2-t5",
      "begin" : 749,
      "end" : 753,
      "text" : "find",
      "whiteSpace" : false
    }, {
      "id" : "s2-t6",
      "begin" : 754,
      "end" : 757,
      "text" : "the",
      "whiteSpace" : false
    }, {
      "id" : "s2-t7",
      "begin" : 758,
      "end" : 764,
      "text" : "faults",
      "whiteSpace" : false
    }, {
      "id" : "s2-t8",
      "begin" : 765,
      "end" : 768,
      "text" : "and",
      "whiteSpace" : false
    }, {
      "id" : "s2-t9",
      "begin" : 769,
      "end" : 773,
      "text" : "then",
      "whiteSpace" : false
    }, {
      "id" : "s2-t10",
      "begin" : 774,
      "end" : 781,
      "text" : "message",
      "whiteSpace" : false
    }, {
      "id" : "s2-t11",
      "begin" : 782,
      "end" : 784,
      "text" : "is",
      "whiteSpace" : false
    }, {
      "id" : "s2-t12",
      "begin" : 785,
      "end" : 789,
      "text" : "sent",
      "whiteSpace" : false
    }, {
      "id" : "s2-t13",
      "begin" : 790,
      "end" : 798,
      "text" : "directly",
      "whiteSpace" : false
    }, {
      "id" : "s2-t14",
      "begin" : 799,
      "end" : 801,
      "text" : "to",
      "whiteSpace" : false
    }, {
      "id" : "s2-t15",
      "begin" : 802,
      "end" : 808,
      "text" : "nearby",
      "whiteSpace" : false
    }, {
      "id" : "s2-t16",
      "begin" : 810,
      "end" : 822,
      "text" : "headquarters",
      "whiteSpace" : false
    }, {
      "id" : "s2-t17",
      "begin" : 822,
      "end" : 823,
      "text" : ".",
      "whiteSpace" : false
    } ]
  }, {
    "id" : "s3",
    "begin" : 824,
    "end" : 1056,
    "text" : "ACHIEVEMENTS & AWARDS\nCore team co ordinator, OJAS (TECHNICAL CLUB OF EEE)\nExecutive member, NSS, NITH\nINDUSTRIAL EXPOSURE\nMegatherm private limited -> Through this intern I got an exposure to the transformer and it's various parts.",
    "tokens" : [ {
      "id" : "s3-t0",
      "begin" : 824,
      "end" : 836,
      "text" : "ACHIEVEMENTS",
      "whiteSpace" : false
    }, {
      "id" : "s3-t1",
      "begin" : 837,
      "end" : 838,
      "text" : "&",
      "whiteSpace" : false
    }, {
      "id" : "s3-t2",
      "begin" : 839,
      "end" : 845,
      "text" : "AWARDS",
      "whiteSpace" : false
    }, {
      "id" : "s3-t3",
      "begin" : 846,
      "end" : 850,
      "text" : "Core",
      "whiteSpace" : false
    }, {
      "id" : "s3-t4",
      "begin" : 851,
      "end" : 855,
      "text" : "team",
      "whiteSpace" : false
    }, {
      "id" : "s3-t5",
      "begin" : 856,
      "end" : 858,
      "text" : "co",
      "whiteSpace" : false
    }, {
      "id" : "s3-t6",
      "begin" : 859,
      "end" : 868,
      "text" : "ordinator",
      "whiteSpace" : false
    }, {
      "id" : "s3-t7",
      "begin" : 868,
      "end" : 869,
      "text" : ",",
      "whiteSpace" : false
    }, {
      "id" : "s3-t8",
      "begin" : 870,
      "end" : 874,
      "text" : "OJAS",
      "whiteSpace" : false
    }, {
      "id" : "s3-t9",
      "begin" : 875,
      "end" : 876,
      "text" : "(",
      "whiteSpace" : false
    }, {
      "id" : "s3-t10",
      "begin" : 876,
      "end" : 885,
      "text" : "TECHNICAL",
      "whiteSpace" : false
    }, {
      "id" : "s3-t11",
      "begin" : 886,
      "end" : 890,
      "text" : "CLUB",
      "whiteSpace" : false
    }, {
      "id" : "s3-t12",
      "begin" : 891,
      "end" : 893,
      "text" : "OF",
      "whiteSpace" : false
    }, {
      "id" : "s3-t13",
      "begin" : 894,
      "end" : 897,
      "text" : "EEE",
      "whiteSpace" : false
    }, {
      "id" : "s3-t14",
      "begin" : 897,
      "end" : 898,
      "text" : ")",
      "whiteSpace" : false
    }, {
      "id" : "s3-t15",
      "begin" : 899,
      "end" : 908,
      "text" : "Executive",
      "whiteSpace" : false
    }, {
      "id" : "s3-t16",
      "begin" : 909,
      "end" : 915,
      "text" : "member",
      "whiteSpace" : false
    }, {
      "id" : "s3-t17",
      "begin" : 915,
      "end" : 916,
      "text" : ",",
      "whiteSpace" : false
    }, {
      "id" : "s3-t18",
      "begin" : 917,
      "end" : 920,
      "text" : "NSS",
      "whiteSpace" : false
    }, {
      "id" : "s3-t19",
      "begin" : 920,
      "end" : 921,
      "text" : ",",
      "whiteSpace" : false
    }, {
      "id" : "s3-t20",
      "begin" : 922,
      "end" : 926,
      "text" : "NITH",
      "whiteSpace" : false
    }, {
      "id" : "s3-t21",
      "begin" : 927,
      "end" : 937,
      "text" : "INDUSTRIAL",
      "whiteSpace" : false
    }, {
      "id" : "s3-t22",
      "begin" : 938,
      "end" : 946,
      "text" : "EXPOSURE",
      "whiteSpace" : false
    }, {
      "id" : "s3-t23",
      "begin" : 947,
      "end" : 956,
      "text" : "Megatherm",
      "whiteSpace" : false
    }, {
      "id" : "s3-t24",
      "begin" : 957,
      "end" : 964,
      "text" : "private",
      "whiteSpace" : false
    }, {
      "id" : "s3-t25",
      "begin" : 965,
      "end" : 972,
      "text" : "limited",
      "whiteSpace" : false
    }, {
      "id" : "s3-t26",
      "begin" : 973,
      "end" : 974,
      "text" : "-",
      "whiteSpace" : false
    }, {
      "id" : "s3-t27",
      "begin" : 974,
      "end" : 975,
      "text" : ">",
      "whiteSpace" : false
    }, {
      "id" : "s3-t28",
      "begin" : 976,
      "end" : 983,
      "text" : "Through",
      "whiteSpace" : false
    }, {
      "id" : "s3-t29",
      "begin" : 984,
      "end" : 988,
      "text" : "this",
      "whiteSpace" : false
    }, {
      "id" : "s3-t30",
      "begin" : 989,
      "end" : 995,
      "text" : "intern",
      "whiteSpace" : false
    }, {
      "id" : "s3-t31",
      "begin" : 996,
      "end" : 997,
      "text" : "I",
      "whiteSpace" : false
    }, {
      "id" : "s3-t32",
      "begin" : 998,
      "end" : 1001,
      "text" : "got",
      "whiteSpace" : false
    }, {
      "id" : "s3-t33",
      "begin" : 1002,
      "end" : 1004,
      "text" : "an",
      "whiteSpace" : false
    }, {
      "id" : "s3-t34",
      "begin" : 1005,
      "end" : 1013,
      "text" : "exposure",
      "whiteSpace" : false
    }, {
      "id" : "s3-t35",
      "begin" : 1014,
      "end" : 1016,
      "text" : "to",
      "whiteSpace" : false
    }, {
      "id" : "s3-t36",
      "begin" : 1017,
      "end" : 1020,
      "text" : "the",
      "whiteSpace" : false
    }, {
      "id" : "s3-t37",
      "begin" : 1021,
      "end" : 1032,
      "text" : "transformer",
      "whiteSpace" : false
    }, {
      "id" : "s3-t38",
      "begin" : 1033,
      "end" : 1036,
      "text" : "and",
      "whiteSpace" : false
    }, {
      "id" : "s3-t39",
      "begin" : 1037,
      "end" : 1039,
      "text" : "it",
      "whiteSpace" : false
    }, {
      "id" : "s3-t40",
      "begin" : 1039,
      "end" : 1041,
      "text" : "'s",
      "whiteSpace" : false
    }, {
      "id" : "s3-t41",
      "begin" : 1042,
      "end" : 1049,
      "text" : "various",
      "whiteSpace" : false
    }, {
      "id" : "s3-t42",
      "begin" : 1050,
      "end" : 1055,
      "text" : "parts",
      "whiteSpace" : false
    }, {
      "id" : "s3-t43",
      "begin" : 1055,
      "end" : 1056,
      "text" : ".",
      "whiteSpace" : false
    } ]
  }, {
    "id" : "s4",
    "begin" : 1058,
    "end" : 1156,
    "text" : "Basically about power and furnace transformer and different types of core making, winding and all.",
    "tokens" : [ {
      "id" : "s4-t0",
      "begin" : 1058,
      "end" : 1067,
      "text" : "Basically",
      "whiteSpace" : false
    }, {
      "id" : "s4-t1",
      "begin" : 1068,
      "end" : 1073,
      "text" : "about",
      "whiteSpace" : false
    }, {
      "id" : "s4-t2",
      "begin" : 1074,
      "end" : 1079,
      "text" : "power",
      "whiteSpace" : false
    }, {
      "id" : "s4-t3",
      "begin" : 1080,
      "end" : 1083,
      "text" : "and",
      "whiteSpace" : false
    }, {
      "id" : "s4-t4",
      "begin" : 1084,
      "end" : 1091,
      "text" : "furnace",
      "whiteSpace" : false
    }, {
      "id" : "s4-t5",
      "begin" : 1092,
      "end" : 1103,
      "text" : "transformer",
      "whiteSpace" : false
    }, {
      "id" : "s4-t6",
      "begin" : 1104,
      "end" : 1107,
      "text" : "and",
      "whiteSpace" : false
    }, {
      "id" : "s4-t7",
      "begin" : 1108,
      "end" : 1117,
      "text" : "different",
      "whiteSpace" : false
    }, {
      "id" : "s4-t8",
      "begin" : 1118,
      "end" : 1123,
      "text" : "types",
      "whiteSpace" : false
    }, {
      "id" : "s4-t9",
      "begin" : 1124,
      "end" : 1126,
      "text" : "of",
      "whiteSpace" : false
    }, {
      "id" : "s4-t10",
      "begin" : 1127,
      "end" : 1131,
      "text" : "core",
      "whiteSpace" : false
    }, {
      "id" : "s4-t11",
      "begin" : 1132,
      "end" : 1138,
      "text" : "making",
      "whiteSpace" : false
    }, {
      "id" : "s4-t12",
      "begin" : 1138,
      "end" : 1139,
      "text" : ",",
      "whiteSpace" : false
    }, {
      "id" : "s4-t13",
      "begin" : 1140,
      "end" : 1147,
      "text" : "winding",
      "whiteSpace" : false
    }, {
      "id" : "s4-t14",
      "begin" : 1148,
      "end" : 1151,
      "text" : "and",
      "whiteSpace" : false
    }, {
      "id" : "s4-t15",
      "begin" : 1152,
      "end" : 1155,
      "text" : "all",
      "whiteSpace" : false
    }, {
      "id" : "s4-t16",
      "begin" : 1155,
      "end" : 1156,
      "text" : ".",
      "whiteSpace" : false
    } ]
  }, {
    "id" : "s5",
    "begin" : 1157,
    "end" : 1230,
    "text" : "PERSONAL STRENGTHS\nCompletion of a work assigned is always at a priority.",
    "tokens" : [ {
      "id" : "s5-t0",
      "begin" : 1157,
      "end" : 1165,
      "text" : "PERSONAL",
      "whiteSpace" : false
    }, {
      "id" : "s5-t1",
      "begin" : 1166,
      "end" : 1175,
      "text" : "STRENGTHS",
      "whiteSpace" : false
    }, {
      "id" : "s5-t2",
      "begin" : 1176,
      "end" : 1186,
      "text" : "Completion",
      "whiteSpace" : false
    }, {
      "id" : "s5-t3",
      "begin" : 1187,
      "end" : 1189,
      "text" : "of",
      "whiteSpace" : false
    }, {
      "id" : "s5-t4",
      "begin" : 1190,
      "end" : 1191,
      "text" : "a",
      "whiteSpace" : false
    }, {
      "id" : "s5-t5",
      "begin" : 1192,
      "end" : 1196,
      "text" : "work",
      "whiteSpace" : false
    }, {
      "id" : "s5-t6",
      "begin" : 1197,
      "end" : 1205,
      "text" : "assigned",
      "whiteSpace" : false
    }, {
      "id" : "s5-t7",
      "begin" : 1206,
      "end" : 1208,
      "text" : "is",
      "whiteSpace" : false
    }, {
      "id" : "s5-t8",
      "begin" : 1209,
      "end" : 1215,
      "text" : "always",
      "whiteSpace" : false
    }, {
      "id" : "s5-t9",
      "begin" : 1216,
      "end" : 1218,
      "text" : "at",
      "whiteSpace" : false
    }, {
      "id" : "s5-t10",
      "begin" : 1219,
      "end" : 1220,
      "text" : "a",
      "whiteSpace" : false
    }, {
      "id" : "s5-t11",
      "begin" : 1221,
      "end" : 1229,
      "text" : "priority",
      "whiteSpace" : false
    }, {
      "id" : "s5-t12",
      "begin" : 1229,
      "end" : 1230,
      "text" : ".",
      "whiteSpace" : false
    } ]
  }, {
    "id" : "s6",
    "begin" : 1232,
    "end" : 1263,
    "text" : "Fair Management of task given .",
    "tokens" : [ {
      "id" : "s6-t0",
      "begin" : 1232,
      "end" : 1236,
      "text" : "Fair",
      "whiteSpace" : false
    }, {
      "id" : "s6-t1",
      "begin" : 1237,
      "end" : 1247,
      "text" : "Management",
      "whiteSpace" : false
    }, {
      "id" : "s6-t2",
      "begin" : 1248,
      "end" : 1250,
      "text" : "of",
      "whiteSpace" : false
    }, {
      "id" : "s6-t3",
      "begin" : 1251,
      "end" : 1255,
      "text" : "task",
      "whiteSpace" : false
    }, {
      "id" : "s6-t4",
      "begin" : 1256,
      "end" : 1261,
      "text" : "given",
      "whiteSpace" : false
    }, {
      "id" : "s6-t5",
      "begin" : 1262,
      "end" : 1263,
      "text" : ".",
      "whiteSpace" : false
    } ]
  }, {
    "id" : "s7",
    "begin" : 1266,
    "end" : 1280,
    "text" : "KALPANSH VERMA",
    "tokens" : [ {
      "id" : "s7-t0",
      "begin" : 1266,
      "end" : 1274,
      "text" : "KALPANSH",
      "whiteSpace" : false
    }, {
      "id" : "s7-t1",
      "begin" : 1275,
      "end" : 1280,
      "text" : "VERMA",
      "whiteSpace" : false
    } ]
  }, {
    "id" : "s8",
    "begin" : 1287,
    "end" : 1433,
    "text" : "PERSONAL PROFILE\nDate of Birth : 14/09/1998\nMarital Status : Single\nNationality : Indian\nKnown Languages : English,hindi\nHobby : Badminton Cricket",
    "tokens" : [ {
      "id" : "s8-t0",
      "begin" : 1287,
      "end" : 1295,
      "text" : "PERSONAL",
      "whiteSpace" : false
    }, {
      "id" : "s8-t1",
      "begin" : 1296,
      "end" : 1303,
      "text" : "PROFILE",
      "whiteSpace" : false
    }, {
      "id" : "s8-t2",
      "begin" : 1304,
      "end" : 1308,
      "text" : "Date",
      "whiteSpace" : false
    }, {
      "id" : "s8-t3",
      "begin" : 1309,
      "end" : 1311,
      "text" : "of",
      "whiteSpace" : false
    }, {
      "id" : "s8-t4",
      "begin" : 1312,
      "end" : 1317,
      "text" : "Birth",
      "whiteSpace" : false
    }, {
      "id" : "s8-t5",
      "begin" : 1318,
      "end" : 1319,
      "text" : ":",
      "whiteSpace" : false
    }, {
      "id" : "s8-t6",
      "begin" : 1320,
      "end" : 1330,
      "text" : "14/09/1998",
      "whiteSpace" : false
    }, {
      "id" : "s8-t7",
      "begin" : 1331,
      "end" : 1338,
      "text" : "Marital",
      "whiteSpace" : false
    }, {
      "id" : "s8-t8",
      "begin" : 1339,
      "end" : 1345,
      "text" : "Status",
      "whiteSpace" : false
    }, {
      "id" : "s8-t9",
      "begin" : 1346,
      "end" : 1347,
      "text" : ":",
      "whiteSpace" : false
    }, {
      "id" : "s8-t10",
      "begin" : 1348,
      "end" : 1354,
      "text" : "Single",
      "whiteSpace" : false
    }, {
      "id" : "s8-t11",
      "begin" : 1355,
      "end" : 1366,
      "text" : "Nationality",
      "whiteSpace" : false
    }, {
      "id" : "s8-t12",
      "begin" : 1367,
      "end" : 1368,
      "text" : ":",
      "whiteSpace" : false
    }, {
      "id" : "s8-t13",
      "begin" : 1369,
      "end" : 1375,
      "text" : "Indian",
      "whiteSpace" : false
    }, {
      "id" : "s8-t14",
      "begin" : 1376,
      "end" : 1381,
      "text" : "Known",
      "whiteSpace" : false
    }, {
      "id" : "s8-t15",
      "begin" : 1382,
      "end" : 1391,
      "text" : "Languages",
      "whiteSpace" : false
    }, {
      "id" : "s8-t16",
      "begin" : 1392,
      "end" : 1393,
      "text" : ":",
      "whiteSpace" : false
    }, {
      "id" : "s8-t17",
      "begin" : 1394,
      "end" : 1401,
      "text" : "English",
      "whiteSpace" : false
    }, {
      "id" : "s8-t18",
      "begin" : 1401,
      "end" : 1402,
      "text" : ",",
      "whiteSpace" : false
    }, {
      "id" : "s8-t19",
      "begin" : 1402,
      "end" : 1407,
      "text" : "hindi",
      "whiteSpace" : false
    }, {
      "id" : "s8-t20",
      "begin" : 1408,
      "end" : 1413,
      "text" : "Hobby",
      "whiteSpace" : false
    }, {
      "id" : "s8-t21",
      "begin" : 1414,
      "end" : 1415,
      "text" : ":",
      "whiteSpace" : false
    }, {
      "id" : "s8-t22",
      "begin" : 1416,
      "end" : 1425,
      "text" : "Badminton",
      "whiteSpace" : false
    }, {
      "id" : "s8-t23",
      "begin" : 1426,
      "end" : 1433,
      "text" : "Cricket",
      "whiteSpace" : false
    } ]
  } ],
  "mentions" : [ {
    "id" : "s0-m1",
    "properties" : {
      "SIRE_MENTION_ROLE" : "Name",
      "SIRE_ENTITY_SUBTYPE" : "NONE",
      "SIRE_MENTION_TYPE" : "NONE",
      "SIRE_MENTION_CLASS" : "SPC"
    },
    "type" : "Name",
    "begin" : 2,
    "end" : 16,
    "inCoref" : false
  }, {
    "id" : "s0-m2",
    "properties" : {
      "SIRE_MENTION_ROLE" : "Personal_Details",
      "SIRE_ENTITY_SUBTYPE" : "NONE",
      "SIRE_MENTION_TYPE" : "NONE",
      "SIRE_MENTION_CLASS" : "SPC"
    },
    "type" : "Personal_Details",
    "begin" : 17,
    "end" : 110,
    "inCoref" : false
  }, {
    "id" : "s0-m3",
    "properties" : {
      "SIRE_MENTION_ROLE" : "Academic_Skills",
      "SIRE_ENTITY_SUBTYPE" : "NONE",
      "SIRE_MENTION_TYPE" : "NONE",
      "SIRE_MENTION_CLASS" : "SPC"
    },
    "type" : "Academic_Skills",
    "begin" : 128,
    "end" : 285,
    "inCoref" : false
  }, {
    "id" : "s1-m1",
    "properties" : {
      "SIRE_MENTION_ROLE" : "Education",
      "SIRE_ENTITY_SUBTYPE" : "NONE",
      "SIRE_MENTION_TYPE" : "NONE",
      "SIRE_MENTION_CLASS" : "SPC"
    },
    "type" : "Education",
    "begin" : 286,
    "end" : 438,
    "inCoref" : false
  }, {
    "id" : "s1-m2",
    "properties" : {
      "SIRE_MENTION_ROLE" : "Languages",
      "SIRE_ENTITY_SUBTYPE" : "NONE",
      "SIRE_MENTION_TYPE" : "NONE",
      "SIRE_MENTION_CLASS" : "SPC"
    },
    "type" : "Languages",
    "begin" : 455,
    "end" : 562,
    "inCoref" : false
  }, {
    "id" : "s1-m3",
    "properties" : {
      "SIRE_MENTION_ROLE" : "Projects",
      "SIRE_ENTITY_SUBTYPE" : "NONE",
      "SIRE_MENTION_TYPE" : "NONE",
      "SIRE_MENTION_CLASS" : "SPC"
    },
    "type" : "Projects",
    "begin" : 563,
    "end" : 718,
    "inCoref" : false
  }, {
    "id" : "s3-m1",
    "properties" : {
      "SIRE_MENTION_ROLE" : "Achievements",
      "SIRE_ENTITY_SUBTYPE" : "NONE",
      "SIRE_MENTION_TYPE" : "NONE",
      "SIRE_MENTION_CLASS" : "SPC"
    },
    "type" : "Achievements",
    "begin" : 824,
    "end" : 927,
    "inCoref" : false
  }, {
    "id" : "s3-m2",
    "properties" : {
      "SIRE_MENTION_ROLE" : "Internships",
      "SIRE_ENTITY_SUBTYPE" : "NONE",
      "SIRE_MENTION_TYPE" : "NONE",
      "SIRE_MENTION_CLASS" : "SPC"
    },
    "type" : "Internships",
    "begin" : 927,
    "end" : 1056,
    "inCoref" : false
  }, {
    "id" : "s5-m1",
    "properties" : {
      "SIRE_MENTION_ROLE" : "skills",
      "SIRE_ENTITY_SUBTYPE" : "NONE",
      "SIRE_MENTION_TYPE" : "NONE",
      "SIRE_MENTION_CLASS" : "SPC"
    },
    "type" : "skills",
    "begin" : 1157,
    "end" : 1230,
    "inCoref" : false
  }, {
    "id" : "s7-m1",
    "properties" : {
      "SIRE_MENTION_ROLE" : "Name",
      "SIRE_ENTITY_SUBTYPE" : "NONE",
      "SIRE_MENTION_TYPE" : "NONE",
      "SIRE_MENTION_CLASS" : "SPC"
    },
    "type" : "Name",
    "begin" : 1266,
    "end" : 1280,
    "inCoref" : false
  }, {
    "id" : "s8-m1",
    "properties" : {
      "SIRE_MENTION_ROLE" : "Personal_Details",
      "SIRE_ENTITY_SUBTYPE" : "NONE",
      "SIRE_MENTION_TYPE" : "NONE",
      "SIRE_MENTION_CLASS" : "SPC"
    },
    "type" : "Personal_Details",
    "begin" : 1287,
    "end" : 1408,
    "inCoref" : false
  }, {
    "id" : "s8-m2",
    "properties" : {
      "SIRE_MENTION_ROLE" : "skills",
      "SIRE_ENTITY_SUBTYPE" : "NONE",
      "SIRE_MENTION_TYPE" : "NONE",
      "SIRE_MENTION_CLASS" : "SPC"
    },
    "type" : "skills",
    "begin" : 1408,
    "end" : 1433,
    "inCoref" : false
  } ],
  "relations" : [ ],
  "corefs" : [ ],
  "typeResolved" : true,
  "userResolved" : false
}