{
  "id" : "6d7e4360-c523-11ea-8a36-857df501e0ff-0",
  "name" : "CV_2020-02-13-013108.pdf",
  "createdDate" : 0,
  "version" : 3,
  "text" : "DHARMENDRA SINGH\nD-26, Durga Nagar, Nanta Road, Kunhadi, Kota, Rajasthan\n(324008)\n7976768470 | singhdharmendra.1015@gmail.com\nOBJECTIVE\nTo utilize my technical and professional skills along with the dedication to work for this organization by applying\nand honing my knowledge and working in a challenging and motivating working environment.\nEDUCATION\nNIT Hamirpur\n2017-Present\nB. Tech \n8.17\nShishu Niketan School\n2017\nSenior Secondary Education \n8.17\nBSN Academy\n2015\nSecondary Education \n10 CGPA\nSKILLS\n• C,C++,Data structures • MATLAB • Python(beginner level)\nPROJECTS\nSolar Powered Electric Tricycle\nIt is a government funded project which aims to make a cost effective economical tricycle for specially abled\npeople and my team is currently working on it. \nPERSONAL DETAILS\nDate of Birth : 10/12/1999\nSTRENGTHS AND HOBBIES\n • Self motivated and punctual\n • Ability to work with team\n • Dedicated to complete the work\n • Badminton\n • Cricket\nCO-CURRICULAR ACTIVITIES\n• Executive member of organization committee hillfair 2018 NITH \n • Co-coordinator of organization committee hillfair 2019 NITH\n • Member of OJAS,Technical club electrical engineering NITH\n • Executive member of NSS(National service scheme) \n",
  "docLength" : 0,
  "language" : "EN",
  "status" : "SUBMITTED",
  "modifiedDate" : 1594701187548,
  "documentSet" : [ ],
  "preannotation" : [ ],
  "sentences" : [ {
    "id" : "s0",
    "begin" : 0,
    "end" : 340,
    "text" : "DHARMENDRA SINGH\nD-26, Durga Nagar, Nanta Road, Kunhadi, Kota, Rajasthan\n(324008)\n7976768470 | singhdharmendra.1015@gmail.com\nOBJECTIVE\nTo utilize my technical and professional skills along with the dedication to work for this organization by applying\nand honing my knowledge and working in a challenging and motivating working environment.",
    "tokens" : [ {
      "id" : "s0-t0",
      "begin" : 0,
      "end" : 10,
      "text" : "DHARMENDRA",
      "whiteSpace" : false
    }, {
      "id" : "s0-t1",
      "begin" : 11,
      "end" : 16,
      "text" : "SINGH",
      "whiteSpace" : false
    }, {
      "id" : "s0-t2",
      "begin" : 17,
      "end" : 21,
      "text" : "D-26",
      "whiteSpace" : false
    }, {
      "id" : "s0-t3",
      "begin" : 21,
      "end" : 22,
      "text" : ",",
      "whiteSpace" : false
    }, {
      "id" : "s0-t4",
      "begin" : 23,
      "end" : 28,
      "text" : "Durga",
      "whiteSpace" : false
    }, {
      "id" : "s0-t5",
      "begin" : 29,
      "end" : 34,
      "text" : "Nagar",
      "whiteSpace" : false
    }, {
      "id" : "s0-t6",
      "begin" : 34,
      "end" : 35,
      "text" : ",",
      "whiteSpace" : false
    }, {
      "id" : "s0-t7",
      "begin" : 36,
      "end" : 41,
      "text" : "Nanta",
      "whiteSpace" : false
    }, {
      "id" : "s0-t8",
      "begin" : 42,
      "end" : 46,
      "text" : "Road",
      "whiteSpace" : false
    }, {
      "id" : "s0-t9",
      "begin" : 46,
      "end" : 47,
      "text" : ",",
      "whiteSpace" : false
    }, {
      "id" : "s0-t10",
      "begin" : 48,
      "end" : 55,
      "text" : "Kunhadi",
      "whiteSpace" : false
    }, {
      "id" : "s0-t11",
      "begin" : 55,
      "end" : 56,
      "text" : ",",
      "whiteSpace" : false
    }, {
      "id" : "s0-t12",
      "begin" : 57,
      "end" : 61,
      "text" : "Kota",
      "whiteSpace" : false
    }, {
      "id" : "s0-t13",
      "begin" : 61,
      "end" : 62,
      "text" : ",",
      "whiteSpace" : false
    }, {
      "id" : "s0-t14",
      "begin" : 63,
      "end" : 72,
      "text" : "Rajasthan",
      "whiteSpace" : false
    }, {
      "id" : "s0-t15",
      "begin" : 73,
      "end" : 74,
      "text" : "(",
      "whiteSpace" : false
    }, {
      "id" : "s0-t16",
      "begin" : 74,
      "end" : 80,
      "text" : "324008",
      "whiteSpace" : false
    }, {
      "id" : "s0-t17",
      "begin" : 80,
      "end" : 81,
      "text" : ")",
      "whiteSpace" : false
    }, {
      "id" : "s0-t18",
      "begin" : 82,
      "end" : 92,
      "text" : "7976768470",
      "whiteSpace" : false
    }, {
      "id" : "s0-t19",
      "begin" : 93,
      "end" : 94,
      "text" : "|",
      "whiteSpace" : false
    }, {
      "id" : "s0-t20",
      "begin" : 95,
      "end" : 125,
      "text" : "singhdharmendra.1015@gmail.com",
      "whiteSpace" : false
    }, {
      "id" : "s0-t21",
      "begin" : 126,
      "end" : 135,
      "text" : "OBJECTIVE",
      "whiteSpace" : false
    }, {
      "id" : "s0-t22",
      "begin" : 136,
      "end" : 138,
      "text" : "To",
      "whiteSpace" : false
    }, {
      "id" : "s0-t23",
      "begin" : 139,
      "end" : 146,
      "text" : "utilize",
      "whiteSpace" : false
    }, {
      "id" : "s0-t24",
      "begin" : 147,
      "end" : 149,
      "text" : "my",
      "whiteSpace" : false
    }, {
      "id" : "s0-t25",
      "begin" : 150,
      "end" : 159,
      "text" : "technical",
      "whiteSpace" : false
    }, {
      "id" : "s0-t26",
      "begin" : 160,
      "end" : 163,
      "text" : "and",
      "whiteSpace" : false
    }, {
      "id" : "s0-t27",
      "begin" : 164,
      "end" : 176,
      "text" : "professional",
      "whiteSpace" : false
    }, {
      "id" : "s0-t28",
      "begin" : 177,
      "end" : 183,
      "text" : "skills",
      "whiteSpace" : false
    }, {
      "id" : "s0-t29",
      "begin" : 184,
      "end" : 189,
      "text" : "along",
      "whiteSpace" : false
    }, {
      "id" : "s0-t30",
      "begin" : 190,
      "end" : 194,
      "text" : "with",
      "whiteSpace" : false
    }, {
      "id" : "s0-t31",
      "begin" : 195,
      "end" : 198,
      "text" : "the",
      "whiteSpace" : false
    }, {
      "id" : "s0-t32",
      "begin" : 199,
      "end" : 209,
      "text" : "dedication",
      "whiteSpace" : false
    }, {
      "id" : "s0-t33",
      "begin" : 210,
      "end" : 212,
      "text" : "to",
      "whiteSpace" : false
    }, {
      "id" : "s0-t34",
      "begin" : 213,
      "end" : 217,
      "text" : "work",
      "whiteSpace" : false
    }, {
      "id" : "s0-t35",
      "begin" : 218,
      "end" : 221,
      "text" : "for",
      "whiteSpace" : false
    }, {
      "id" : "s0-t36",
      "begin" : 222,
      "end" : 226,
      "text" : "this",
      "whiteSpace" : false
    }, {
      "id" : "s0-t37",
      "begin" : 227,
      "end" : 239,
      "text" : "organization",
      "whiteSpace" : false
    }, {
      "id" : "s0-t38",
      "begin" : 240,
      "end" : 242,
      "text" : "by",
      "whiteSpace" : false
    }, {
      "id" : "s0-t39",
      "begin" : 243,
      "end" : 251,
      "text" : "applying",
      "whiteSpace" : false
    }, {
      "id" : "s0-t40",
      "begin" : 252,
      "end" : 255,
      "text" : "and",
      "whiteSpace" : false
    }, {
      "id" : "s0-t41",
      "begin" : 256,
      "end" : 262,
      "text" : "honing",
      "whiteSpace" : false
    }, {
      "id" : "s0-t42",
      "begin" : 263,
      "end" : 265,
      "text" : "my",
      "whiteSpace" : false
    }, {
      "id" : "s0-t43",
      "begin" : 266,
      "end" : 275,
      "text" : "knowledge",
      "whiteSpace" : false
    }, {
      "id" : "s0-t44",
      "begin" : 276,
      "end" : 279,
      "text" : "and",
      "whiteSpace" : false
    }, {
      "id" : "s0-t45",
      "begin" : 280,
      "end" : 287,
      "text" : "working",
      "whiteSpace" : false
    }, {
      "id" : "s0-t46",
      "begin" : 288,
      "end" : 290,
      "text" : "in",
      "whiteSpace" : false
    }, {
      "id" : "s0-t47",
      "begin" : 291,
      "end" : 292,
      "text" : "a",
      "whiteSpace" : false
    }, {
      "id" : "s0-t48",
      "begin" : 293,
      "end" : 304,
      "text" : "challenging",
      "whiteSpace" : false
    }, {
      "id" : "s0-t49",
      "begin" : 305,
      "end" : 308,
      "text" : "and",
      "whiteSpace" : false
    }, {
      "id" : "s0-t50",
      "begin" : 309,
      "end" : 319,
      "text" : "motivating",
      "whiteSpace" : false
    }, {
      "id" : "s0-t51",
      "begin" : 320,
      "end" : 327,
      "text" : "working",
      "whiteSpace" : false
    }, {
      "id" : "s0-t52",
      "begin" : 328,
      "end" : 339,
      "text" : "environment",
      "whiteSpace" : false
    }, {
      "id" : "s0-t53",
      "begin" : 339,
      "end" : 340,
      "text" : ".",
      "whiteSpace" : false
    } ]
  }, {
    "id" : "s1",
    "begin" : 341,
    "end" : 759,
    "text" : "EDUCATION\nNIT Hamirpur\n2017-Present\nB. Tech \n8.17\nShishu Niketan School\n2017\nSenior Secondary Education \n8.17\nBSN Academy\n2015\nSecondary Education \n10 CGPA\nSKILLS\n• C,C++,Data structures • MATLAB • Python(beginner level)\nPROJECTS\nSolar Powered Electric Tricycle\nIt is a government funded project which aims to make a cost effective economical tricycle for specially abled\npeople and my team is currently working on it.",
    "tokens" : [ {
      "id" : "s1-t0",
      "begin" : 341,
      "end" : 350,
      "text" : "EDUCATION",
      "whiteSpace" : false
    }, {
      "id" : "s1-t1",
      "begin" : 351,
      "end" : 354,
      "text" : "NIT",
      "whiteSpace" : false
    }, {
      "id" : "s1-t2",
      "begin" : 355,
      "end" : 363,
      "text" : "Hamirpur",
      "whiteSpace" : false
    }, {
      "id" : "s1-t3",
      "begin" : 364,
      "end" : 368,
      "text" : "2017",
      "whiteSpace" : false
    }, {
      "id" : "s1-t4",
      "begin" : 368,
      "end" : 369,
      "text" : "-",
      "whiteSpace" : false
    }, {
      "id" : "s1-t5",
      "begin" : 369,
      "end" : 376,
      "text" : "Present",
      "whiteSpace" : false
    }, {
      "id" : "s1-t6",
      "begin" : 377,
      "end" : 379,
      "text" : "B.",
      "whiteSpace" : false
    }, {
      "id" : "s1-t7",
      "begin" : 380,
      "end" : 384,
      "text" : "Tech",
      "whiteSpace" : false
    }, {
      "id" : "s1-t8",
      "begin" : 386,
      "end" : 390,
      "text" : "8.17",
      "whiteSpace" : false
    }, {
      "id" : "s1-t9",
      "begin" : 391,
      "end" : 397,
      "text" : "Shishu",
      "whiteSpace" : false
    }, {
      "id" : "s1-t10",
      "begin" : 398,
      "end" : 405,
      "text" : "Niketan",
      "whiteSpace" : false
    }, {
      "id" : "s1-t11",
      "begin" : 406,
      "end" : 412,
      "text" : "School",
      "whiteSpace" : false
    }, {
      "id" : "s1-t12",
      "begin" : 413,
      "end" : 417,
      "text" : "2017",
      "whiteSpace" : false
    }, {
      "id" : "s1-t13",
      "begin" : 418,
      "end" : 424,
      "text" : "Senior",
      "whiteSpace" : false
    }, {
      "id" : "s1-t14",
      "begin" : 425,
      "end" : 434,
      "text" : "Secondary",
      "whiteSpace" : false
    }, {
      "id" : "s1-t15",
      "begin" : 435,
      "end" : 444,
      "text" : "Education",
      "whiteSpace" : false
    }, {
      "id" : "s1-t16",
      "begin" : 446,
      "end" : 450,
      "text" : "8.17",
      "whiteSpace" : false
    }, {
      "id" : "s1-t17",
      "begin" : 451,
      "end" : 454,
      "text" : "BSN",
      "whiteSpace" : false
    }, {
      "id" : "s1-t18",
      "begin" : 455,
      "end" : 462,
      "text" : "Academy",
      "whiteSpace" : false
    }, {
      "id" : "s1-t19",
      "begin" : 463,
      "end" : 467,
      "text" : "2015",
      "whiteSpace" : false
    }, {
      "id" : "s1-t20",
      "begin" : 468,
      "end" : 477,
      "text" : "Secondary",
      "whiteSpace" : false
    }, {
      "id" : "s1-t21",
      "begin" : 478,
      "end" : 487,
      "text" : "Education",
      "whiteSpace" : false
    }, {
      "id" : "s1-t22",
      "begin" : 489,
      "end" : 491,
      "text" : "10",
      "whiteSpace" : false
    }, {
      "id" : "s1-t23",
      "begin" : 492,
      "end" : 496,
      "text" : "CGPA",
      "whiteSpace" : false
    }, {
      "id" : "s1-t24",
      "begin" : 497,
      "end" : 503,
      "text" : "SKILLS",
      "whiteSpace" : false
    }, {
      "id" : "s1-t25",
      "begin" : 504,
      "end" : 505,
      "text" : "•",
      "whiteSpace" : false
    }, {
      "id" : "s1-t26",
      "begin" : 506,
      "end" : 507,
      "text" : "C",
      "whiteSpace" : false
    }, {
      "id" : "s1-t27",
      "begin" : 507,
      "end" : 508,
      "text" : ",",
      "whiteSpace" : false
    }, {
      "id" : "s1-t28",
      "begin" : 508,
      "end" : 509,
      "text" : "C",
      "whiteSpace" : false
    }, {
      "id" : "s1-t29",
      "begin" : 509,
      "end" : 510,
      "text" : "+",
      "whiteSpace" : false
    }, {
      "id" : "s1-t30",
      "begin" : 510,
      "end" : 511,
      "text" : "+",
      "whiteSpace" : false
    }, {
      "id" : "s1-t31",
      "begin" : 511,
      "end" : 512,
      "text" : ",",
      "whiteSpace" : false
    }, {
      "id" : "s1-t32",
      "begin" : 512,
      "end" : 516,
      "text" : "Data",
      "whiteSpace" : false
    }, {
      "id" : "s1-t33",
      "begin" : 517,
      "end" : 527,
      "text" : "structures",
      "whiteSpace" : false
    }, {
      "id" : "s1-t34",
      "begin" : 528,
      "end" : 529,
      "text" : "•",
      "whiteSpace" : false
    }, {
      "id" : "s1-t35",
      "begin" : 530,
      "end" : 536,
      "text" : "MATLAB",
      "whiteSpace" : false
    }, {
      "id" : "s1-t36",
      "begin" : 537,
      "end" : 538,
      "text" : "•",
      "whiteSpace" : false
    }, {
      "id" : "s1-t37",
      "begin" : 539,
      "end" : 545,
      "text" : "Python",
      "whiteSpace" : false
    }, {
      "id" : "s1-t38",
      "begin" : 545,
      "end" : 546,
      "text" : "(",
      "whiteSpace" : false
    }, {
      "id" : "s1-t39",
      "begin" : 546,
      "end" : 554,
      "text" : "beginner",
      "whiteSpace" : false
    }, {
      "id" : "s1-t40",
      "begin" : 555,
      "end" : 560,
      "text" : "level",
      "whiteSpace" : false
    }, {
      "id" : "s1-t41",
      "begin" : 560,
      "end" : 561,
      "text" : ")",
      "whiteSpace" : false
    }, {
      "id" : "s1-t42",
      "begin" : 562,
      "end" : 570,
      "text" : "PROJECTS",
      "whiteSpace" : false
    }, {
      "id" : "s1-t43",
      "begin" : 571,
      "end" : 576,
      "text" : "Solar",
      "whiteSpace" : false
    }, {
      "id" : "s1-t44",
      "begin" : 577,
      "end" : 584,
      "text" : "Powered",
      "whiteSpace" : false
    }, {
      "id" : "s1-t45",
      "begin" : 585,
      "end" : 593,
      "text" : "Electric",
      "whiteSpace" : false
    }, {
      "id" : "s1-t46",
      "begin" : 594,
      "end" : 602,
      "text" : "Tricycle",
      "whiteSpace" : false
    }, {
      "id" : "s1-t47",
      "begin" : 603,
      "end" : 605,
      "text" : "It",
      "whiteSpace" : false
    }, {
      "id" : "s1-t48",
      "begin" : 606,
      "end" : 608,
      "text" : "is",
      "whiteSpace" : false
    }, {
      "id" : "s1-t49",
      "begin" : 609,
      "end" : 610,
      "text" : "a",
      "whiteSpace" : false
    }, {
      "id" : "s1-t50",
      "begin" : 611,
      "end" : 621,
      "text" : "government",
      "whiteSpace" : false
    }, {
      "id" : "s1-t51",
      "begin" : 622,
      "end" : 628,
      "text" : "funded",
      "whiteSpace" : false
    }, {
      "id" : "s1-t52",
      "begin" : 629,
      "end" : 636,
      "text" : "project",
      "whiteSpace" : false
    }, {
      "id" : "s1-t53",
      "begin" : 637,
      "end" : 642,
      "text" : "which",
      "whiteSpace" : false
    }, {
      "id" : "s1-t54",
      "begin" : 643,
      "end" : 647,
      "text" : "aims",
      "whiteSpace" : false
    }, {
      "id" : "s1-t55",
      "begin" : 648,
      "end" : 650,
      "text" : "to",
      "whiteSpace" : false
    }, {
      "id" : "s1-t56",
      "begin" : 651,
      "end" : 655,
      "text" : "make",
      "whiteSpace" : false
    }, {
      "id" : "s1-t57",
      "begin" : 656,
      "end" : 657,
      "text" : "a",
      "whiteSpace" : false
    }, {
      "id" : "s1-t58",
      "begin" : 658,
      "end" : 662,
      "text" : "cost",
      "whiteSpace" : false
    }, {
      "id" : "s1-t59",
      "begin" : 663,
      "end" : 672,
      "text" : "effective",
      "whiteSpace" : false
    }, {
      "id" : "s1-t60",
      "begin" : 673,
      "end" : 683,
      "text" : "economical",
      "whiteSpace" : false
    }, {
      "id" : "s1-t61",
      "begin" : 684,
      "end" : 692,
      "text" : "tricycle",
      "whiteSpace" : false
    }, {
      "id" : "s1-t62",
      "begin" : 693,
      "end" : 696,
      "text" : "for",
      "whiteSpace" : false
    }, {
      "id" : "s1-t63",
      "begin" : 697,
      "end" : 706,
      "text" : "specially",
      "whiteSpace" : false
    }, {
      "id" : "s1-t64",
      "begin" : 707,
      "end" : 712,
      "text" : "abled",
      "whiteSpace" : false
    }, {
      "id" : "s1-t65",
      "begin" : 713,
      "end" : 719,
      "text" : "people",
      "whiteSpace" : false
    }, {
      "id" : "s1-t66",
      "begin" : 720,
      "end" : 723,
      "text" : "and",
      "whiteSpace" : false
    }, {
      "id" : "s1-t67",
      "begin" : 724,
      "end" : 726,
      "text" : "my",
      "whiteSpace" : false
    }, {
      "id" : "s1-t68",
      "begin" : 727,
      "end" : 731,
      "text" : "team",
      "whiteSpace" : false
    }, {
      "id" : "s1-t69",
      "begin" : 732,
      "end" : 734,
      "text" : "is",
      "whiteSpace" : false
    }, {
      "id" : "s1-t70",
      "begin" : 735,
      "end" : 744,
      "text" : "currently",
      "whiteSpace" : false
    }, {
      "id" : "s1-t71",
      "begin" : 745,
      "end" : 752,
      "text" : "working",
      "whiteSpace" : false
    }, {
      "id" : "s1-t72",
      "begin" : 753,
      "end" : 755,
      "text" : "on",
      "whiteSpace" : false
    }, {
      "id" : "s1-t73",
      "begin" : 756,
      "end" : 758,
      "text" : "it",
      "whiteSpace" : false
    }, {
      "id" : "s1-t74",
      "begin" : 758,
      "end" : 759,
      "text" : ".",
      "whiteSpace" : false
    } ]
  }, {
    "id" : "s2",
    "begin" : 761,
    "end" : 1210,
    "text" : "PERSONAL DETAILS\nDate of Birth : 10/12/1999\nSTRENGTHS AND HOBBIES\n • Self motivated and punctual\n • Ability to work with team\n • Dedicated to complete the work\n • Badminton\n • Cricket\nCO-CURRICULAR ACTIVITIES\n• Executive member of organization committee hillfair 2018 NITH \n • Co-coordinator of organization committee hillfair 2019 NITH\n • Member of OJAS,Technical club electrical engineering NITH\n • Executive member of NSS(National service scheme)",
    "tokens" : [ {
      "id" : "s2-t0",
      "begin" : 761,
      "end" : 769,
      "text" : "PERSONAL",
      "whiteSpace" : false
    }, {
      "id" : "s2-t1",
      "begin" : 770,
      "end" : 777,
      "text" : "DETAILS",
      "whiteSpace" : false
    }, {
      "id" : "s2-t2",
      "begin" : 778,
      "end" : 782,
      "text" : "Date",
      "whiteSpace" : false
    }, {
      "id" : "s2-t3",
      "begin" : 783,
      "end" : 785,
      "text" : "of",
      "whiteSpace" : false
    }, {
      "id" : "s2-t4",
      "begin" : 786,
      "end" : 791,
      "text" : "Birth",
      "whiteSpace" : false
    }, {
      "id" : "s2-t5",
      "begin" : 792,
      "end" : 793,
      "text" : ":",
      "whiteSpace" : false
    }, {
      "id" : "s2-t6",
      "begin" : 794,
      "end" : 804,
      "text" : "10/12/1999",
      "whiteSpace" : false
    }, {
      "id" : "s2-t7",
      "begin" : 805,
      "end" : 814,
      "text" : "STRENGTHS",
      "whiteSpace" : false
    }, {
      "id" : "s2-t8",
      "begin" : 815,
      "end" : 818,
      "text" : "AND",
      "whiteSpace" : false
    }, {
      "id" : "s2-t9",
      "begin" : 819,
      "end" : 826,
      "text" : "HOBBIES",
      "whiteSpace" : false
    }, {
      "id" : "s2-t10",
      "begin" : 828,
      "end" : 829,
      "text" : "•",
      "whiteSpace" : false
    }, {
      "id" : "s2-t11",
      "begin" : 830,
      "end" : 834,
      "text" : "Self",
      "whiteSpace" : false
    }, {
      "id" : "s2-t12",
      "begin" : 835,
      "end" : 844,
      "text" : "motivated",
      "whiteSpace" : false
    }, {
      "id" : "s2-t13",
      "begin" : 845,
      "end" : 848,
      "text" : "and",
      "whiteSpace" : false
    }, {
      "id" : "s2-t14",
      "begin" : 849,
      "end" : 857,
      "text" : "punctual",
      "whiteSpace" : false
    }, {
      "id" : "s2-t15",
      "begin" : 859,
      "end" : 860,
      "text" : "•",
      "whiteSpace" : false
    }, {
      "id" : "s2-t16",
      "begin" : 861,
      "end" : 868,
      "text" : "Ability",
      "whiteSpace" : false
    }, {
      "id" : "s2-t17",
      "begin" : 869,
      "end" : 871,
      "text" : "to",
      "whiteSpace" : false
    }, {
      "id" : "s2-t18",
      "begin" : 872,
      "end" : 876,
      "text" : "work",
      "whiteSpace" : false
    }, {
      "id" : "s2-t19",
      "begin" : 877,
      "end" : 881,
      "text" : "with",
      "whiteSpace" : false
    }, {
      "id" : "s2-t20",
      "begin" : 882,
      "end" : 886,
      "text" : "team",
      "whiteSpace" : false
    }, {
      "id" : "s2-t21",
      "begin" : 888,
      "end" : 889,
      "text" : "•",
      "whiteSpace" : false
    }, {
      "id" : "s2-t22",
      "begin" : 890,
      "end" : 899,
      "text" : "Dedicated",
      "whiteSpace" : false
    }, {
      "id" : "s2-t23",
      "begin" : 900,
      "end" : 902,
      "text" : "to",
      "whiteSpace" : false
    }, {
      "id" : "s2-t24",
      "begin" : 903,
      "end" : 911,
      "text" : "complete",
      "whiteSpace" : false
    }, {
      "id" : "s2-t25",
      "begin" : 912,
      "end" : 915,
      "text" : "the",
      "whiteSpace" : false
    }, {
      "id" : "s2-t26",
      "begin" : 916,
      "end" : 920,
      "text" : "work",
      "whiteSpace" : false
    }, {
      "id" : "s2-t27",
      "begin" : 922,
      "end" : 923,
      "text" : "•",
      "whiteSpace" : false
    }, {
      "id" : "s2-t28",
      "begin" : 924,
      "end" : 933,
      "text" : "Badminton",
      "whiteSpace" : false
    }, {
      "id" : "s2-t29",
      "begin" : 935,
      "end" : 936,
      "text" : "•",
      "whiteSpace" : false
    }, {
      "id" : "s2-t30",
      "begin" : 937,
      "end" : 944,
      "text" : "Cricket",
      "whiteSpace" : false
    }, {
      "id" : "s2-t31",
      "begin" : 945,
      "end" : 958,
      "text" : "CO-CURRICULAR",
      "whiteSpace" : false
    }, {
      "id" : "s2-t32",
      "begin" : 959,
      "end" : 969,
      "text" : "ACTIVITIES",
      "whiteSpace" : false
    }, {
      "id" : "s2-t33",
      "begin" : 970,
      "end" : 971,
      "text" : "•",
      "whiteSpace" : false
    }, {
      "id" : "s2-t34",
      "begin" : 972,
      "end" : 981,
      "text" : "Executive",
      "whiteSpace" : false
    }, {
      "id" : "s2-t35",
      "begin" : 982,
      "end" : 988,
      "text" : "member",
      "whiteSpace" : false
    }, {
      "id" : "s2-t36",
      "begin" : 989,
      "end" : 991,
      "text" : "of",
      "whiteSpace" : false
    }, {
      "id" : "s2-t37",
      "begin" : 992,
      "end" : 1004,
      "text" : "organization",
      "whiteSpace" : false
    }, {
      "id" : "s2-t38",
      "begin" : 1005,
      "end" : 1014,
      "text" : "committee",
      "whiteSpace" : false
    }, {
      "id" : "s2-t39",
      "begin" : 1015,
      "end" : 1023,
      "text" : "hillfair",
      "whiteSpace" : false
    }, {
      "id" : "s2-t40",
      "begin" : 1024,
      "end" : 1028,
      "text" : "2018",
      "whiteSpace" : false
    }, {
      "id" : "s2-t41",
      "begin" : 1029,
      "end" : 1033,
      "text" : "NITH",
      "whiteSpace" : false
    }, {
      "id" : "s2-t42",
      "begin" : 1036,
      "end" : 1037,
      "text" : "•",
      "whiteSpace" : false
    }, {
      "id" : "s2-t43",
      "begin" : 1038,
      "end" : 1040,
      "text" : "Co",
      "whiteSpace" : false
    }, {
      "id" : "s2-t44",
      "begin" : 1040,
      "end" : 1041,
      "text" : "-",
      "whiteSpace" : false
    }, {
      "id" : "s2-t45",
      "begin" : 1041,
      "end" : 1052,
      "text" : "coordinator",
      "whiteSpace" : false
    }, {
      "id" : "s2-t46",
      "begin" : 1053,
      "end" : 1055,
      "text" : "of",
      "whiteSpace" : false
    }, {
      "id" : "s2-t47",
      "begin" : 1056,
      "end" : 1068,
      "text" : "organization",
      "whiteSpace" : false
    }, {
      "id" : "s2-t48",
      "begin" : 1069,
      "end" : 1078,
      "text" : "committee",
      "whiteSpace" : false
    }, {
      "id" : "s2-t49",
      "begin" : 1079,
      "end" : 1087,
      "text" : "hillfair",
      "whiteSpace" : false
    }, {
      "id" : "s2-t50",
      "begin" : 1088,
      "end" : 1092,
      "text" : "2019",
      "whiteSpace" : false
    }, {
      "id" : "s2-t51",
      "begin" : 1093,
      "end" : 1097,
      "text" : "NITH",
      "whiteSpace" : false
    }, {
      "id" : "s2-t52",
      "begin" : 1099,
      "end" : 1100,
      "text" : "•",
      "whiteSpace" : false
    }, {
      "id" : "s2-t53",
      "begin" : 1101,
      "end" : 1107,
      "text" : "Member",
      "whiteSpace" : false
    }, {
      "id" : "s2-t54",
      "begin" : 1108,
      "end" : 1110,
      "text" : "of",
      "whiteSpace" : false
    }, {
      "id" : "s2-t55",
      "begin" : 1111,
      "end" : 1115,
      "text" : "OJAS",
      "whiteSpace" : false
    }, {
      "id" : "s2-t56",
      "begin" : 1115,
      "end" : 1116,
      "text" : ",",
      "whiteSpace" : false
    }, {
      "id" : "s2-t57",
      "begin" : 1116,
      "end" : 1125,
      "text" : "Technical",
      "whiteSpace" : false
    }, {
      "id" : "s2-t58",
      "begin" : 1126,
      "end" : 1130,
      "text" : "club",
      "whiteSpace" : false
    }, {
      "id" : "s2-t59",
      "begin" : 1131,
      "end" : 1141,
      "text" : "electrical",
      "whiteSpace" : false
    }, {
      "id" : "s2-t60",
      "begin" : 1142,
      "end" : 1153,
      "text" : "engineering",
      "whiteSpace" : false
    }, {
      "id" : "s2-t61",
      "begin" : 1154,
      "end" : 1158,
      "text" : "NITH",
      "whiteSpace" : false
    }, {
      "id" : "s2-t62",
      "begin" : 1160,
      "end" : 1161,
      "text" : "•",
      "whiteSpace" : false
    }, {
      "id" : "s2-t63",
      "begin" : 1162,
      "end" : 1171,
      "text" : "Executive",
      "whiteSpace" : false
    }, {
      "id" : "s2-t64",
      "begin" : 1172,
      "end" : 1178,
      "text" : "member",
      "whiteSpace" : false
    }, {
      "id" : "s2-t65",
      "begin" : 1179,
      "end" : 1181,
      "text" : "of",
      "whiteSpace" : false
    }, {
      "id" : "s2-t66",
      "begin" : 1182,
      "end" : 1185,
      "text" : "NSS",
      "whiteSpace" : false
    }, {
      "id" : "s2-t67",
      "begin" : 1185,
      "end" : 1186,
      "text" : "(",
      "whiteSpace" : false
    }, {
      "id" : "s2-t68",
      "begin" : 1186,
      "end" : 1194,
      "text" : "National",
      "whiteSpace" : false
    }, {
      "id" : "s2-t69",
      "begin" : 1195,
      "end" : 1202,
      "text" : "service",
      "whiteSpace" : false
    }, {
      "id" : "s2-t70",
      "begin" : 1203,
      "end" : 1209,
      "text" : "scheme",
      "whiteSpace" : false
    }, {
      "id" : "s2-t71",
      "begin" : 1209,
      "end" : 1210,
      "text" : ")",
      "whiteSpace" : false
    } ]
  } ],
  "mentions" : [ {
    "id" : "s0-m1",
    "properties" : {
      "SIRE_MENTION_ROLE" : "Name",
      "SIRE_ENTITY_SUBTYPE" : "NONE",
      "SIRE_MENTION_TYPE" : "NONE",
      "SIRE_MENTION_CLASS" : "SPC"
    },
    "type" : "Name",
    "begin" : 0,
    "end" : 16,
    "inCoref" : false
  }, {
    "id" : "s0-m2",
    "properties" : {
      "SIRE_MENTION_ROLE" : "Personal_Details",
      "SIRE_ENTITY_SUBTYPE" : "NONE",
      "SIRE_MENTION_TYPE" : "NONE",
      "SIRE_MENTION_CLASS" : "SPC"
    },
    "type" : "Personal_Details",
    "begin" : 17,
    "end" : 125,
    "inCoref" : false
  }, {
    "id" : "s0-m3",
    "properties" : {
      "SIRE_MENTION_ROLE" : "Academic_Skills",
      "SIRE_ENTITY_SUBTYPE" : "NONE",
      "SIRE_MENTION_TYPE" : "NONE",
      "SIRE_MENTION_CLASS" : "SPC"
    },
    "type" : "Academic_Skills",
    "begin" : 136,
    "end" : 339,
    "inCoref" : false
  }, {
    "id" : "s1-m1",
    "properties" : {
      "SIRE_MENTION_ROLE" : "Education",
      "SIRE_ENTITY_SUBTYPE" : "NONE",
      "SIRE_MENTION_TYPE" : "NONE",
      "SIRE_MENTION_CLASS" : "SPC"
    },
    "type" : "Education",
    "begin" : 341,
    "end" : 497,
    "inCoref" : false
  }, {
    "id" : "s1-m2",
    "properties" : {
      "SIRE_MENTION_ROLE" : "Academic_Skills",
      "SIRE_ENTITY_SUBTYPE" : "NONE",
      "SIRE_MENTION_TYPE" : "NONE",
      "SIRE_MENTION_CLASS" : "SPC"
    },
    "type" : "Academic_Skills",
    "begin" : 508,
    "end" : 561,
    "inCoref" : false
  }, {
    "id" : "s1-m3",
    "properties" : {
      "SIRE_MENTION_ROLE" : "Projects",
      "SIRE_ENTITY_SUBTYPE" : "NONE",
      "SIRE_MENTION_TYPE" : "NONE",
      "SIRE_MENTION_CLASS" : "SPC"
    },
    "type" : "Projects",
    "begin" : 562,
    "end" : 759,
    "inCoref" : false
  }, {
    "id" : "s2-m1",
    "properties" : {
      "SIRE_MENTION_ROLE" : "Personal_Details",
      "SIRE_ENTITY_SUBTYPE" : "NONE",
      "SIRE_MENTION_TYPE" : "NONE",
      "SIRE_MENTION_CLASS" : "SPC"
    },
    "type" : "Personal_Details",
    "begin" : 761,
    "end" : 804,
    "inCoref" : false
  }, {
    "id" : "s2-m2",
    "properties" : {
      "SIRE_MENTION_ROLE" : "skills",
      "SIRE_ENTITY_SUBTYPE" : "NONE",
      "SIRE_MENTION_TYPE" : "NONE",
      "SIRE_MENTION_CLASS" : "SPC"
    },
    "type" : "skills",
    "begin" : 830,
    "end" : 920,
    "inCoref" : false
  }, {
    "id" : "s2-m3",
    "properties" : {
      "SIRE_MENTION_ROLE" : "skills",
      "SIRE_ENTITY_SUBTYPE" : "NONE",
      "SIRE_MENTION_TYPE" : "NONE",
      "SIRE_MENTION_CLASS" : "SPC"
    },
    "type" : "skills",
    "begin" : 924,
    "end" : 944,
    "inCoref" : false
  }, {
    "id" : "s2-m4",
    "properties" : {
      "SIRE_MENTION_ROLE" : "Achievements",
      "SIRE_ENTITY_SUBTYPE" : "NONE",
      "SIRE_MENTION_TYPE" : "NONE",
      "SIRE_MENTION_CLASS" : "SPC"
    },
    "type" : "Achievements",
    "begin" : 972,
    "end" : 1210,
    "inCoref" : false
  } ],
  "relations" : [ ],
  "corefs" : [ ],
  "typeResolved" : true,
  "userResolved" : false
}