{
  "id" : "b044c460-c525-11ea-92b9-87e4c56d36ba-0",
  "name" : "prashant_resume16_set (2).pdf",
  "createdDate" : 0,
  "version" : 3,
  "text" : "Prashant  Singh Verma \nVayu sena vihar,Air Force Station \nTughlakabad New Delhi, Delhi, \n110080 \n(820) 954-9619 \nprashant.verma54@gmai1.com \n \n \n \nCAREER OBJECTIVE  \nQuality-oriented Electrical and Electronics Engineering major (7.94 GPA) currently attending National \nInstitute of Technology Hamirpur, with 2 months of work experience. Aiming to leverage a proven knowledge \nof computer aided engineering, product manufacturability, and field performance skills to successfully fill the \nSummer Intern role at your company. Frequently praised as quality-oriented by my peers, I can be relied upon \nto help your company achieve its goals. \n \nEDUCATION  \nNATIONAL INSTITUTE OF TECHNOLOGY HAMIRPUR  Hamirpur , Himachal Pradesh \nBachelor of Technology Electrical and Electronics Engineering Candidate (Expected graduation Jun 2021) \nGPA: 7.94 \nRelevant Coursework: Data Structures and Algorithms \nExtracurricular Activities: Coordinator at Organization Club for Cultural and Technical Activities \nMember at NSS Nit Hamirpur \n \nKENDRIYA VIDYALAYA NO.2 AFS JODHPUR \nHigh School Diploma (Jun 2016) \nGPA: 83.6 \nRelevant Coursework: Computer Science \nExtracurricular Activities: Management Club \n \n \nKENDRIYA VIDYALAYA NO.1 AFS BHUJ \n10th Mathematics and Computer Science (Jun 2014) \nGPA: 10.0 \n \n \nPROFESSIONAL EXPERIENCE \n \nIndian Railways \n \nSummer Intern \nLearnt the \nmanufacturing of \nvarious type of \ncoaches in train. \nIt has various \nshops like AC \nshop, power shop, \nmachine \nshop,1ighting \nshop. \n \n \n \nLearnt about various machines used in the manufacturing of axles,bogies,air conditioning systems etc. \nLearnt about the various mechanisms used like braking mechanism, cooling mechanism etc. \nLearnt about the batteries,motor,generators used. \n \nJodhpur, Rajasthan \nMay 2019 — Jun 2019 \n \n \n \nADDITIONAL SKILLS \n \nProgramming language C++, C. \nProgramming language Java. \nData Structures and Algorithms. \nWeb Development HTML, CSS. \n \n \n \n \n \nCREDENTIALS AND LICENSES \n \nProgramming in C++ \nProgramming in Java \n \n \n \n \n \n \n \n \nVayu sena vihar,Air  Force Station Tughlakabad New  Delhi, Delhi, 110080 (820) 954-9619\n prashant.verma54@gmai1.com \n",
  "docLength" : 0,
  "language" : "EN",
  "status" : "SUBMITTED",
  "modifiedDate" : 1594701296713,
  "documentSet" : [ ],
  "preannotation" : [ ],
  "sentences" : [ {
    "id" : "s0",
    "begin" : 0,
    "end" : 139,
    "text" : "Prashant  Singh Verma \nVayu sena vihar,Air Force Station \nTughlakabad New Delhi, Delhi, \n110080 \n(820) 954-9619 \nprashant.verma54@gmai1.com",
    "tokens" : [ {
      "id" : "s0-t0",
      "begin" : 0,
      "end" : 8,
      "text" : "Prashant",
      "whiteSpace" : false
    }, {
      "id" : "s0-t1",
      "begin" : 10,
      "end" : 15,
      "text" : "Singh",
      "whiteSpace" : false
    }, {
      "id" : "s0-t2",
      "begin" : 16,
      "end" : 21,
      "text" : "Verma",
      "whiteSpace" : false
    }, {
      "id" : "s0-t3",
      "begin" : 23,
      "end" : 27,
      "text" : "Vayu",
      "whiteSpace" : false
    }, {
      "id" : "s0-t4",
      "begin" : 28,
      "end" : 32,
      "text" : "sena",
      "whiteSpace" : false
    }, {
      "id" : "s0-t5",
      "begin" : 33,
      "end" : 38,
      "text" : "vihar",
      "whiteSpace" : false
    }, {
      "id" : "s0-t6",
      "begin" : 38,
      "end" : 39,
      "text" : ",",
      "whiteSpace" : false
    }, {
      "id" : "s0-t7",
      "begin" : 39,
      "end" : 42,
      "text" : "Air",
      "whiteSpace" : false
    }, {
      "id" : "s0-t8",
      "begin" : 43,
      "end" : 48,
      "text" : "Force",
      "whiteSpace" : false
    }, {
      "id" : "s0-t9",
      "begin" : 49,
      "end" : 56,
      "text" : "Station",
      "whiteSpace" : false
    }, {
      "id" : "s0-t10",
      "begin" : 58,
      "end" : 69,
      "text" : "Tughlakabad",
      "whiteSpace" : false
    }, {
      "id" : "s0-t11",
      "begin" : 70,
      "end" : 73,
      "text" : "New",
      "whiteSpace" : false
    }, {
      "id" : "s0-t12",
      "begin" : 74,
      "end" : 79,
      "text" : "Delhi",
      "whiteSpace" : false
    }, {
      "id" : "s0-t13",
      "begin" : 79,
      "end" : 80,
      "text" : ",",
      "whiteSpace" : false
    }, {
      "id" : "s0-t14",
      "begin" : 81,
      "end" : 86,
      "text" : "Delhi",
      "whiteSpace" : false
    }, {
      "id" : "s0-t15",
      "begin" : 86,
      "end" : 87,
      "text" : ",",
      "whiteSpace" : false
    }, {
      "id" : "s0-t16",
      "begin" : 89,
      "end" : 95,
      "text" : "110080",
      "whiteSpace" : false
    }, {
      "id" : "s0-t17",
      "begin" : 97,
      "end" : 98,
      "text" : "(",
      "whiteSpace" : false
    }, {
      "id" : "s0-t18",
      "begin" : 98,
      "end" : 101,
      "text" : "820",
      "whiteSpace" : false
    }, {
      "id" : "s0-t19",
      "begin" : 101,
      "end" : 102,
      "text" : ")",
      "whiteSpace" : false
    }, {
      "id" : "s0-t20",
      "begin" : 103,
      "end" : 111,
      "text" : "954-9619",
      "whiteSpace" : false
    }, {
      "id" : "s0-t21",
      "begin" : 113,
      "end" : 139,
      "text" : "prashant.verma54@gmai1.com",
      "whiteSpace" : false
    } ]
  }, {
    "id" : "s1",
    "begin" : 147,
    "end" : 336,
    "text" : "CAREER OBJECTIVE  \nQuality-oriented Electrical and Electronics Engineering major (7.94 GPA) currently attending National \nInstitute of Technology Hamirpur, with 2 months of work experience.",
    "tokens" : [ {
      "id" : "s1-t0",
      "begin" : 147,
      "end" : 153,
      "text" : "CAREER",
      "whiteSpace" : false
    }, {
      "id" : "s1-t1",
      "begin" : 154,
      "end" : 163,
      "text" : "OBJECTIVE",
      "whiteSpace" : false
    }, {
      "id" : "s1-t2",
      "begin" : 166,
      "end" : 173,
      "text" : "Quality",
      "whiteSpace" : false
    }, {
      "id" : "s1-t3",
      "begin" : 173,
      "end" : 174,
      "text" : "-",
      "whiteSpace" : false
    }, {
      "id" : "s1-t4",
      "begin" : 174,
      "end" : 182,
      "text" : "oriented",
      "whiteSpace" : false
    }, {
      "id" : "s1-t5",
      "begin" : 183,
      "end" : 193,
      "text" : "Electrical",
      "whiteSpace" : false
    }, {
      "id" : "s1-t6",
      "begin" : 194,
      "end" : 197,
      "text" : "and",
      "whiteSpace" : false
    }, {
      "id" : "s1-t7",
      "begin" : 198,
      "end" : 209,
      "text" : "Electronics",
      "whiteSpace" : false
    }, {
      "id" : "s1-t8",
      "begin" : 210,
      "end" : 221,
      "text" : "Engineering",
      "whiteSpace" : false
    }, {
      "id" : "s1-t9",
      "begin" : 222,
      "end" : 227,
      "text" : "major",
      "whiteSpace" : false
    }, {
      "id" : "s1-t10",
      "begin" : 228,
      "end" : 229,
      "text" : "(",
      "whiteSpace" : false
    }, {
      "id" : "s1-t11",
      "begin" : 229,
      "end" : 233,
      "text" : "7.94",
      "whiteSpace" : false
    }, {
      "id" : "s1-t12",
      "begin" : 234,
      "end" : 237,
      "text" : "GPA",
      "whiteSpace" : false
    }, {
      "id" : "s1-t13",
      "begin" : 237,
      "end" : 238,
      "text" : ")",
      "whiteSpace" : false
    }, {
      "id" : "s1-t14",
      "begin" : 239,
      "end" : 248,
      "text" : "currently",
      "whiteSpace" : false
    }, {
      "id" : "s1-t15",
      "begin" : 249,
      "end" : 258,
      "text" : "attending",
      "whiteSpace" : false
    }, {
      "id" : "s1-t16",
      "begin" : 259,
      "end" : 267,
      "text" : "National",
      "whiteSpace" : false
    }, {
      "id" : "s1-t17",
      "begin" : 269,
      "end" : 278,
      "text" : "Institute",
      "whiteSpace" : false
    }, {
      "id" : "s1-t18",
      "begin" : 279,
      "end" : 281,
      "text" : "of",
      "whiteSpace" : false
    }, {
      "id" : "s1-t19",
      "begin" : 282,
      "end" : 292,
      "text" : "Technology",
      "whiteSpace" : false
    }, {
      "id" : "s1-t20",
      "begin" : 293,
      "end" : 301,
      "text" : "Hamirpur",
      "whiteSpace" : false
    }, {
      "id" : "s1-t21",
      "begin" : 301,
      "end" : 302,
      "text" : ",",
      "whiteSpace" : false
    }, {
      "id" : "s1-t22",
      "begin" : 303,
      "end" : 307,
      "text" : "with",
      "whiteSpace" : false
    }, {
      "id" : "s1-t23",
      "begin" : 308,
      "end" : 309,
      "text" : "2",
      "whiteSpace" : false
    }, {
      "id" : "s1-t24",
      "begin" : 310,
      "end" : 316,
      "text" : "months",
      "whiteSpace" : false
    }, {
      "id" : "s1-t25",
      "begin" : 317,
      "end" : 319,
      "text" : "of",
      "whiteSpace" : false
    }, {
      "id" : "s1-t26",
      "begin" : 320,
      "end" : 324,
      "text" : "work",
      "whiteSpace" : false
    }, {
      "id" : "s1-t27",
      "begin" : 325,
      "end" : 335,
      "text" : "experience",
      "whiteSpace" : false
    }, {
      "id" : "s1-t28",
      "begin" : 335,
      "end" : 336,
      "text" : ".",
      "whiteSpace" : false
    } ]
  }, {
    "id" : "s2",
    "begin" : 337,
    "end" : 524,
    "text" : "Aiming to leverage a proven knowledge \nof computer aided engineering, product manufacturability, and field performance skills to successfully fill the \nSummer Intern role at your company.",
    "tokens" : [ {
      "id" : "s2-t0",
      "begin" : 337,
      "end" : 343,
      "text" : "Aiming",
      "whiteSpace" : false
    }, {
      "id" : "s2-t1",
      "begin" : 344,
      "end" : 346,
      "text" : "to",
      "whiteSpace" : false
    }, {
      "id" : "s2-t2",
      "begin" : 347,
      "end" : 355,
      "text" : "leverage",
      "whiteSpace" : false
    }, {
      "id" : "s2-t3",
      "begin" : 356,
      "end" : 357,
      "text" : "a",
      "whiteSpace" : false
    }, {
      "id" : "s2-t4",
      "begin" : 358,
      "end" : 364,
      "text" : "proven",
      "whiteSpace" : false
    }, {
      "id" : "s2-t5",
      "begin" : 365,
      "end" : 374,
      "text" : "knowledge",
      "whiteSpace" : false
    }, {
      "id" : "s2-t6",
      "begin" : 376,
      "end" : 378,
      "text" : "of",
      "whiteSpace" : false
    }, {
      "id" : "s2-t7",
      "begin" : 379,
      "end" : 387,
      "text" : "computer",
      "whiteSpace" : false
    }, {
      "id" : "s2-t8",
      "begin" : 388,
      "end" : 393,
      "text" : "aided",
      "whiteSpace" : false
    }, {
      "id" : "s2-t9",
      "begin" : 394,
      "end" : 405,
      "text" : "engineering",
      "whiteSpace" : false
    }, {
      "id" : "s2-t10",
      "begin" : 405,
      "end" : 406,
      "text" : ",",
      "whiteSpace" : false
    }, {
      "id" : "s2-t11",
      "begin" : 407,
      "end" : 414,
      "text" : "product",
      "whiteSpace" : false
    }, {
      "id" : "s2-t12",
      "begin" : 415,
      "end" : 432,
      "text" : "manufacturability",
      "whiteSpace" : false
    }, {
      "id" : "s2-t13",
      "begin" : 432,
      "end" : 433,
      "text" : ",",
      "whiteSpace" : false
    }, {
      "id" : "s2-t14",
      "begin" : 434,
      "end" : 437,
      "text" : "and",
      "whiteSpace" : false
    }, {
      "id" : "s2-t15",
      "begin" : 438,
      "end" : 443,
      "text" : "field",
      "whiteSpace" : false
    }, {
      "id" : "s2-t16",
      "begin" : 444,
      "end" : 455,
      "text" : "performance",
      "whiteSpace" : false
    }, {
      "id" : "s2-t17",
      "begin" : 456,
      "end" : 462,
      "text" : "skills",
      "whiteSpace" : false
    }, {
      "id" : "s2-t18",
      "begin" : 463,
      "end" : 465,
      "text" : "to",
      "whiteSpace" : false
    }, {
      "id" : "s2-t19",
      "begin" : 466,
      "end" : 478,
      "text" : "successfully",
      "whiteSpace" : false
    }, {
      "id" : "s2-t20",
      "begin" : 479,
      "end" : 483,
      "text" : "fill",
      "whiteSpace" : false
    }, {
      "id" : "s2-t21",
      "begin" : 484,
      "end" : 487,
      "text" : "the",
      "whiteSpace" : false
    }, {
      "id" : "s2-t22",
      "begin" : 489,
      "end" : 495,
      "text" : "Summer",
      "whiteSpace" : false
    }, {
      "id" : "s2-t23",
      "begin" : 496,
      "end" : 502,
      "text" : "Intern",
      "whiteSpace" : false
    }, {
      "id" : "s2-t24",
      "begin" : 503,
      "end" : 507,
      "text" : "role",
      "whiteSpace" : false
    }, {
      "id" : "s2-t25",
      "begin" : 508,
      "end" : 510,
      "text" : "at",
      "whiteSpace" : false
    }, {
      "id" : "s2-t26",
      "begin" : 511,
      "end" : 515,
      "text" : "your",
      "whiteSpace" : false
    }, {
      "id" : "s2-t27",
      "begin" : 516,
      "end" : 523,
      "text" : "company",
      "whiteSpace" : false
    }, {
      "id" : "s2-t28",
      "begin" : 523,
      "end" : 524,
      "text" : ".",
      "whiteSpace" : false
    } ]
  }, {
    "id" : "s3",
    "begin" : 525,
    "end" : 638,
    "text" : "Frequently praised as quality-oriented by my peers, I can be relied upon \nto help your company achieve its goals.",
    "tokens" : [ {
      "id" : "s3-t0",
      "begin" : 525,
      "end" : 535,
      "text" : "Frequently",
      "whiteSpace" : false
    }, {
      "id" : "s3-t1",
      "begin" : 536,
      "end" : 543,
      "text" : "praised",
      "whiteSpace" : false
    }, {
      "id" : "s3-t2",
      "begin" : 544,
      "end" : 546,
      "text" : "as",
      "whiteSpace" : false
    }, {
      "id" : "s3-t3",
      "begin" : 547,
      "end" : 554,
      "text" : "quality",
      "whiteSpace" : false
    }, {
      "id" : "s3-t4",
      "begin" : 554,
      "end" : 555,
      "text" : "-",
      "whiteSpace" : false
    }, {
      "id" : "s3-t5",
      "begin" : 555,
      "end" : 563,
      "text" : "oriented",
      "whiteSpace" : false
    }, {
      "id" : "s3-t6",
      "begin" : 564,
      "end" : 566,
      "text" : "by",
      "whiteSpace" : false
    }, {
      "id" : "s3-t7",
      "begin" : 567,
      "end" : 569,
      "text" : "my",
      "whiteSpace" : false
    }, {
      "id" : "s3-t8",
      "begin" : 570,
      "end" : 575,
      "text" : "peers",
      "whiteSpace" : false
    }, {
      "id" : "s3-t9",
      "begin" : 575,
      "end" : 576,
      "text" : ",",
      "whiteSpace" : false
    }, {
      "id" : "s3-t10",
      "begin" : 577,
      "end" : 578,
      "text" : "I",
      "whiteSpace" : false
    }, {
      "id" : "s3-t11",
      "begin" : 579,
      "end" : 582,
      "text" : "can",
      "whiteSpace" : false
    }, {
      "id" : "s3-t12",
      "begin" : 583,
      "end" : 585,
      "text" : "be",
      "whiteSpace" : false
    }, {
      "id" : "s3-t13",
      "begin" : 586,
      "end" : 592,
      "text" : "relied",
      "whiteSpace" : false
    }, {
      "id" : "s3-t14",
      "begin" : 593,
      "end" : 597,
      "text" : "upon",
      "whiteSpace" : false
    }, {
      "id" : "s3-t15",
      "begin" : 599,
      "end" : 601,
      "text" : "to",
      "whiteSpace" : false
    }, {
      "id" : "s3-t16",
      "begin" : 602,
      "end" : 606,
      "text" : "help",
      "whiteSpace" : false
    }, {
      "id" : "s3-t17",
      "begin" : 607,
      "end" : 611,
      "text" : "your",
      "whiteSpace" : false
    }, {
      "id" : "s3-t18",
      "begin" : 612,
      "end" : 619,
      "text" : "company",
      "whiteSpace" : false
    }, {
      "id" : "s3-t19",
      "begin" : 620,
      "end" : 627,
      "text" : "achieve",
      "whiteSpace" : false
    }, {
      "id" : "s3-t20",
      "begin" : 628,
      "end" : 631,
      "text" : "its",
      "whiteSpace" : false
    }, {
      "id" : "s3-t21",
      "begin" : 632,
      "end" : 637,
      "text" : "goals",
      "whiteSpace" : false
    }, {
      "id" : "s3-t22",
      "begin" : 637,
      "end" : 638,
      "text" : ".",
      "whiteSpace" : false
    } ]
  }, {
    "id" : "s4",
    "begin" : 642,
    "end" : 1020,
    "text" : "EDUCATION  \nNATIONAL INSTITUTE OF TECHNOLOGY HAMIRPUR  Hamirpur , Himachal Pradesh \nBachelor of Technology Electrical and Electronics Engineering Candidate (Expected graduation Jun 2021) \nGPA: 7.94 \nRelevant Coursework: Data Structures and Algorithms \nExtracurricular Activities: Coordinator at Organization Club for Cultural and Technical Activities \nMember at NSS Nit Hamirpur",
    "tokens" : [ {
      "id" : "s4-t0",
      "begin" : 642,
      "end" : 651,
      "text" : "EDUCATION",
      "whiteSpace" : false
    }, {
      "id" : "s4-t1",
      "begin" : 654,
      "end" : 662,
      "text" : "NATIONAL",
      "whiteSpace" : false
    }, {
      "id" : "s4-t2",
      "begin" : 663,
      "end" : 672,
      "text" : "INSTITUTE",
      "whiteSpace" : false
    }, {
      "id" : "s4-t3",
      "begin" : 673,
      "end" : 675,
      "text" : "OF",
      "whiteSpace" : false
    }, {
      "id" : "s4-t4",
      "begin" : 676,
      "end" : 686,
      "text" : "TECHNOLOGY",
      "whiteSpace" : false
    }, {
      "id" : "s4-t5",
      "begin" : 687,
      "end" : 695,
      "text" : "HAMIRPUR",
      "whiteSpace" : false
    }, {
      "id" : "s4-t6",
      "begin" : 697,
      "end" : 705,
      "text" : "Hamirpur",
      "whiteSpace" : false
    }, {
      "id" : "s4-t7",
      "begin" : 706,
      "end" : 707,
      "text" : ",",
      "whiteSpace" : false
    }, {
      "id" : "s4-t8",
      "begin" : 708,
      "end" : 716,
      "text" : "Himachal",
      "whiteSpace" : false
    }, {
      "id" : "s4-t9",
      "begin" : 717,
      "end" : 724,
      "text" : "Pradesh",
      "whiteSpace" : false
    }, {
      "id" : "s4-t10",
      "begin" : 726,
      "end" : 734,
      "text" : "Bachelor",
      "whiteSpace" : false
    }, {
      "id" : "s4-t11",
      "begin" : 735,
      "end" : 737,
      "text" : "of",
      "whiteSpace" : false
    }, {
      "id" : "s4-t12",
      "begin" : 738,
      "end" : 748,
      "text" : "Technology",
      "whiteSpace" : false
    }, {
      "id" : "s4-t13",
      "begin" : 749,
      "end" : 759,
      "text" : "Electrical",
      "whiteSpace" : false
    }, {
      "id" : "s4-t14",
      "begin" : 760,
      "end" : 763,
      "text" : "and",
      "whiteSpace" : false
    }, {
      "id" : "s4-t15",
      "begin" : 764,
      "end" : 775,
      "text" : "Electronics",
      "whiteSpace" : false
    }, {
      "id" : "s4-t16",
      "begin" : 776,
      "end" : 787,
      "text" : "Engineering",
      "whiteSpace" : false
    }, {
      "id" : "s4-t17",
      "begin" : 788,
      "end" : 797,
      "text" : "Candidate",
      "whiteSpace" : false
    }, {
      "id" : "s4-t18",
      "begin" : 798,
      "end" : 799,
      "text" : "(",
      "whiteSpace" : false
    }, {
      "id" : "s4-t19",
      "begin" : 799,
      "end" : 807,
      "text" : "Expected",
      "whiteSpace" : false
    }, {
      "id" : "s4-t20",
      "begin" : 808,
      "end" : 818,
      "text" : "graduation",
      "whiteSpace" : false
    }, {
      "id" : "s4-t21",
      "begin" : 819,
      "end" : 822,
      "text" : "Jun",
      "whiteSpace" : false
    }, {
      "id" : "s4-t22",
      "begin" : 823,
      "end" : 827,
      "text" : "2021",
      "whiteSpace" : false
    }, {
      "id" : "s4-t23",
      "begin" : 827,
      "end" : 828,
      "text" : ")",
      "whiteSpace" : false
    }, {
      "id" : "s4-t24",
      "begin" : 830,
      "end" : 833,
      "text" : "GPA",
      "whiteSpace" : false
    }, {
      "id" : "s4-t25",
      "begin" : 833,
      "end" : 834,
      "text" : ":",
      "whiteSpace" : false
    }, {
      "id" : "s4-t26",
      "begin" : 835,
      "end" : 839,
      "text" : "7.94",
      "whiteSpace" : false
    }, {
      "id" : "s4-t27",
      "begin" : 841,
      "end" : 849,
      "text" : "Relevant",
      "whiteSpace" : false
    }, {
      "id" : "s4-t28",
      "begin" : 850,
      "end" : 860,
      "text" : "Coursework",
      "whiteSpace" : false
    }, {
      "id" : "s4-t29",
      "begin" : 860,
      "end" : 861,
      "text" : ":",
      "whiteSpace" : false
    }, {
      "id" : "s4-t30",
      "begin" : 862,
      "end" : 866,
      "text" : "Data",
      "whiteSpace" : false
    }, {
      "id" : "s4-t31",
      "begin" : 867,
      "end" : 877,
      "text" : "Structures",
      "whiteSpace" : false
    }, {
      "id" : "s4-t32",
      "begin" : 878,
      "end" : 881,
      "text" : "and",
      "whiteSpace" : false
    }, {
      "id" : "s4-t33",
      "begin" : 882,
      "end" : 892,
      "text" : "Algorithms",
      "whiteSpace" : false
    }, {
      "id" : "s4-t34",
      "begin" : 894,
      "end" : 909,
      "text" : "Extracurricular",
      "whiteSpace" : false
    }, {
      "id" : "s4-t35",
      "begin" : 910,
      "end" : 920,
      "text" : "Activities",
      "whiteSpace" : false
    }, {
      "id" : "s4-t36",
      "begin" : 920,
      "end" : 921,
      "text" : ":",
      "whiteSpace" : false
    }, {
      "id" : "s4-t37",
      "begin" : 922,
      "end" : 933,
      "text" : "Coordinator",
      "whiteSpace" : false
    }, {
      "id" : "s4-t38",
      "begin" : 934,
      "end" : 936,
      "text" : "at",
      "whiteSpace" : false
    }, {
      "id" : "s4-t39",
      "begin" : 937,
      "end" : 949,
      "text" : "Organization",
      "whiteSpace" : false
    }, {
      "id" : "s4-t40",
      "begin" : 950,
      "end" : 954,
      "text" : "Club",
      "whiteSpace" : false
    }, {
      "id" : "s4-t41",
      "begin" : 955,
      "end" : 958,
      "text" : "for",
      "whiteSpace" : false
    }, {
      "id" : "s4-t42",
      "begin" : 959,
      "end" : 967,
      "text" : "Cultural",
      "whiteSpace" : false
    }, {
      "id" : "s4-t43",
      "begin" : 968,
      "end" : 971,
      "text" : "and",
      "whiteSpace" : false
    }, {
      "id" : "s4-t44",
      "begin" : 972,
      "end" : 981,
      "text" : "Technical",
      "whiteSpace" : false
    }, {
      "id" : "s4-t45",
      "begin" : 982,
      "end" : 992,
      "text" : "Activities",
      "whiteSpace" : false
    }, {
      "id" : "s4-t46",
      "begin" : 994,
      "end" : 1000,
      "text" : "Member",
      "whiteSpace" : false
    }, {
      "id" : "s4-t47",
      "begin" : 1001,
      "end" : 1003,
      "text" : "at",
      "whiteSpace" : false
    }, {
      "id" : "s4-t48",
      "begin" : 1004,
      "end" : 1007,
      "text" : "NSS",
      "whiteSpace" : false
    }, {
      "id" : "s4-t49",
      "begin" : 1008,
      "end" : 1011,
      "text" : "Nit",
      "whiteSpace" : false
    }, {
      "id" : "s4-t50",
      "begin" : 1012,
      "end" : 1020,
      "text" : "Hamirpur",
      "whiteSpace" : false
    } ]
  }, {
    "id" : "s5",
    "begin" : 1024,
    "end" : 1186,
    "text" : "KENDRIYA VIDYALAYA NO.2 AFS JODHPUR \nHigh School Diploma (Jun 2016) \nGPA: 83.6 \nRelevant Coursework: Computer Science \nExtracurricular Activities: Management Club",
    "tokens" : [ {
      "id" : "s5-t0",
      "begin" : 1024,
      "end" : 1032,
      "text" : "KENDRIYA",
      "whiteSpace" : false
    }, {
      "id" : "s5-t1",
      "begin" : 1033,
      "end" : 1042,
      "text" : "VIDYALAYA",
      "whiteSpace" : false
    }, {
      "id" : "s5-t2",
      "begin" : 1043,
      "end" : 1047,
      "text" : "NO.2",
      "whiteSpace" : false
    }, {
      "id" : "s5-t3",
      "begin" : 1048,
      "end" : 1051,
      "text" : "AFS",
      "whiteSpace" : false
    }, {
      "id" : "s5-t4",
      "begin" : 1052,
      "end" : 1059,
      "text" : "JODHPUR",
      "whiteSpace" : false
    }, {
      "id" : "s5-t5",
      "begin" : 1061,
      "end" : 1065,
      "text" : "High",
      "whiteSpace" : false
    }, {
      "id" : "s5-t6",
      "begin" : 1066,
      "end" : 1072,
      "text" : "School",
      "whiteSpace" : false
    }, {
      "id" : "s5-t7",
      "begin" : 1073,
      "end" : 1080,
      "text" : "Diploma",
      "whiteSpace" : false
    }, {
      "id" : "s5-t8",
      "begin" : 1081,
      "end" : 1082,
      "text" : "(",
      "whiteSpace" : false
    }, {
      "id" : "s5-t9",
      "begin" : 1082,
      "end" : 1085,
      "text" : "Jun",
      "whiteSpace" : false
    }, {
      "id" : "s5-t10",
      "begin" : 1086,
      "end" : 1090,
      "text" : "2016",
      "whiteSpace" : false
    }, {
      "id" : "s5-t11",
      "begin" : 1090,
      "end" : 1091,
      "text" : ")",
      "whiteSpace" : false
    }, {
      "id" : "s5-t12",
      "begin" : 1093,
      "end" : 1096,
      "text" : "GPA",
      "whiteSpace" : false
    }, {
      "id" : "s5-t13",
      "begin" : 1096,
      "end" : 1097,
      "text" : ":",
      "whiteSpace" : false
    }, {
      "id" : "s5-t14",
      "begin" : 1098,
      "end" : 1102,
      "text" : "83.6",
      "whiteSpace" : false
    }, {
      "id" : "s5-t15",
      "begin" : 1104,
      "end" : 1112,
      "text" : "Relevant",
      "whiteSpace" : false
    }, {
      "id" : "s5-t16",
      "begin" : 1113,
      "end" : 1123,
      "text" : "Coursework",
      "whiteSpace" : false
    }, {
      "id" : "s5-t17",
      "begin" : 1123,
      "end" : 1124,
      "text" : ":",
      "whiteSpace" : false
    }, {
      "id" : "s5-t18",
      "begin" : 1125,
      "end" : 1133,
      "text" : "Computer",
      "whiteSpace" : false
    }, {
      "id" : "s5-t19",
      "begin" : 1134,
      "end" : 1141,
      "text" : "Science",
      "whiteSpace" : false
    }, {
      "id" : "s5-t20",
      "begin" : 1143,
      "end" : 1158,
      "text" : "Extracurricular",
      "whiteSpace" : false
    }, {
      "id" : "s5-t21",
      "begin" : 1159,
      "end" : 1169,
      "text" : "Activities",
      "whiteSpace" : false
    }, {
      "id" : "s5-t22",
      "begin" : 1169,
      "end" : 1170,
      "text" : ":",
      "whiteSpace" : false
    }, {
      "id" : "s5-t23",
      "begin" : 1171,
      "end" : 1181,
      "text" : "Management",
      "whiteSpace" : false
    }, {
      "id" : "s5-t24",
      "begin" : 1182,
      "end" : 1186,
      "text" : "Club",
      "whiteSpace" : false
    } ]
  }, {
    "id" : "s6",
    "begin" : 1192,
    "end" : 1285,
    "text" : "KENDRIYA VIDYALAYA NO.1 AFS BHUJ \n10th Mathematics and Computer Science (Jun 2014) \nGPA: 10.0",
    "tokens" : [ {
      "id" : "s6-t0",
      "begin" : 1192,
      "end" : 1200,
      "text" : "KENDRIYA",
      "whiteSpace" : false
    }, {
      "id" : "s6-t1",
      "begin" : 1201,
      "end" : 1210,
      "text" : "VIDYALAYA",
      "whiteSpace" : false
    }, {
      "id" : "s6-t2",
      "begin" : 1211,
      "end" : 1215,
      "text" : "NO.1",
      "whiteSpace" : false
    }, {
      "id" : "s6-t3",
      "begin" : 1216,
      "end" : 1219,
      "text" : "AFS",
      "whiteSpace" : false
    }, {
      "id" : "s6-t4",
      "begin" : 1220,
      "end" : 1224,
      "text" : "BHUJ",
      "whiteSpace" : false
    }, {
      "id" : "s6-t5",
      "begin" : 1226,
      "end" : 1230,
      "text" : "10th",
      "whiteSpace" : false
    }, {
      "id" : "s6-t6",
      "begin" : 1231,
      "end" : 1242,
      "text" : "Mathematics",
      "whiteSpace" : false
    }, {
      "id" : "s6-t7",
      "begin" : 1243,
      "end" : 1246,
      "text" : "and",
      "whiteSpace" : false
    }, {
      "id" : "s6-t8",
      "begin" : 1247,
      "end" : 1255,
      "text" : "Computer",
      "whiteSpace" : false
    }, {
      "id" : "s6-t9",
      "begin" : 1256,
      "end" : 1263,
      "text" : "Science",
      "whiteSpace" : false
    }, {
      "id" : "s6-t10",
      "begin" : 1264,
      "end" : 1265,
      "text" : "(",
      "whiteSpace" : false
    }, {
      "id" : "s6-t11",
      "begin" : 1265,
      "end" : 1268,
      "text" : "Jun",
      "whiteSpace" : false
    }, {
      "id" : "s6-t12",
      "begin" : 1269,
      "end" : 1273,
      "text" : "2014",
      "whiteSpace" : false
    }, {
      "id" : "s6-t13",
      "begin" : 1273,
      "end" : 1274,
      "text" : ")",
      "whiteSpace" : false
    }, {
      "id" : "s6-t14",
      "begin" : 1276,
      "end" : 1279,
      "text" : "GPA",
      "whiteSpace" : false
    }, {
      "id" : "s6-t15",
      "begin" : 1279,
      "end" : 1280,
      "text" : ":",
      "whiteSpace" : false
    }, {
      "id" : "s6-t16",
      "begin" : 1281,
      "end" : 1285,
      "text" : "10.0",
      "whiteSpace" : false
    } ]
  }, {
    "id" : "s7",
    "begin" : 1291,
    "end" : 1314,
    "text" : "PROFESSIONAL EXPERIENCE",
    "tokens" : [ {
      "id" : "s7-t0",
      "begin" : 1291,
      "end" : 1303,
      "text" : "PROFESSIONAL",
      "whiteSpace" : false
    }, {
      "id" : "s7-t1",
      "begin" : 1304,
      "end" : 1314,
      "text" : "EXPERIENCE",
      "whiteSpace" : false
    } ]
  }, {
    "id" : "s8",
    "begin" : 1318,
    "end" : 1333,
    "text" : "Indian Railways",
    "tokens" : [ {
      "id" : "s8-t0",
      "begin" : 1318,
      "end" : 1324,
      "text" : "Indian",
      "whiteSpace" : false
    }, {
      "id" : "s8-t1",
      "begin" : 1325,
      "end" : 1333,
      "text" : "Railways",
      "whiteSpace" : false
    } ]
  }, {
    "id" : "s9",
    "begin" : 1337,
    "end" : 1416,
    "text" : "Summer Intern \nLearnt the \nmanufacturing of \nvarious type of \ncoaches in train.",
    "tokens" : [ {
      "id" : "s9-t0",
      "begin" : 1337,
      "end" : 1343,
      "text" : "Summer",
      "whiteSpace" : false
    }, {
      "id" : "s9-t1",
      "begin" : 1344,
      "end" : 1350,
      "text" : "Intern",
      "whiteSpace" : false
    }, {
      "id" : "s9-t2",
      "begin" : 1352,
      "end" : 1358,
      "text" : "Learnt",
      "whiteSpace" : false
    }, {
      "id" : "s9-t3",
      "begin" : 1359,
      "end" : 1362,
      "text" : "the",
      "whiteSpace" : false
    }, {
      "id" : "s9-t4",
      "begin" : 1364,
      "end" : 1377,
      "text" : "manufacturing",
      "whiteSpace" : false
    }, {
      "id" : "s9-t5",
      "begin" : 1378,
      "end" : 1380,
      "text" : "of",
      "whiteSpace" : false
    }, {
      "id" : "s9-t6",
      "begin" : 1382,
      "end" : 1389,
      "text" : "various",
      "whiteSpace" : false
    }, {
      "id" : "s9-t7",
      "begin" : 1390,
      "end" : 1394,
      "text" : "type",
      "whiteSpace" : false
    }, {
      "id" : "s9-t8",
      "begin" : 1395,
      "end" : 1397,
      "text" : "of",
      "whiteSpace" : false
    }, {
      "id" : "s9-t9",
      "begin" : 1399,
      "end" : 1406,
      "text" : "coaches",
      "whiteSpace" : false
    }, {
      "id" : "s9-t10",
      "begin" : 1407,
      "end" : 1409,
      "text" : "in",
      "whiteSpace" : false
    }, {
      "id" : "s9-t11",
      "begin" : 1410,
      "end" : 1415,
      "text" : "train",
      "whiteSpace" : false
    }, {
      "id" : "s9-t12",
      "begin" : 1415,
      "end" : 1416,
      "text" : ".",
      "whiteSpace" : false
    } ]
  }, {
    "id" : "s10",
    "begin" : 1418,
    "end" : 1497,
    "text" : "It has various \nshops like AC \nshop, power shop, \nmachine \nshop,1ighting \nshop.",
    "tokens" : [ {
      "id" : "s10-t0",
      "begin" : 1418,
      "end" : 1420,
      "text" : "It",
      "whiteSpace" : false
    }, {
      "id" : "s10-t1",
      "begin" : 1421,
      "end" : 1424,
      "text" : "has",
      "whiteSpace" : false
    }, {
      "id" : "s10-t2",
      "begin" : 1425,
      "end" : 1432,
      "text" : "various",
      "whiteSpace" : false
    }, {
      "id" : "s10-t3",
      "begin" : 1434,
      "end" : 1439,
      "text" : "shops",
      "whiteSpace" : false
    }, {
      "id" : "s10-t4",
      "begin" : 1440,
      "end" : 1444,
      "text" : "like",
      "whiteSpace" : false
    }, {
      "id" : "s10-t5",
      "begin" : 1445,
      "end" : 1447,
      "text" : "AC",
      "whiteSpace" : false
    }, {
      "id" : "s10-t6",
      "begin" : 1449,
      "end" : 1453,
      "text" : "shop",
      "whiteSpace" : false
    }, {
      "id" : "s10-t7",
      "begin" : 1453,
      "end" : 1454,
      "text" : ",",
      "whiteSpace" : false
    }, {
      "id" : "s10-t8",
      "begin" : 1455,
      "end" : 1460,
      "text" : "power",
      "whiteSpace" : false
    }, {
      "id" : "s10-t9",
      "begin" : 1461,
      "end" : 1465,
      "text" : "shop",
      "whiteSpace" : false
    }, {
      "id" : "s10-t10",
      "begin" : 1465,
      "end" : 1466,
      "text" : ",",
      "whiteSpace" : false
    }, {
      "id" : "s10-t11",
      "begin" : 1468,
      "end" : 1475,
      "text" : "machine",
      "whiteSpace" : false
    }, {
      "id" : "s10-t12",
      "begin" : 1477,
      "end" : 1481,
      "text" : "shop",
      "whiteSpace" : false
    }, {
      "id" : "s10-t13",
      "begin" : 1481,
      "end" : 1482,
      "text" : ",",
      "whiteSpace" : false
    }, {
      "id" : "s10-t14",
      "begin" : 1482,
      "end" : 1490,
      "text" : "1ighting",
      "whiteSpace" : false
    }, {
      "id" : "s10-t15",
      "begin" : 1492,
      "end" : 1496,
      "text" : "shop",
      "whiteSpace" : false
    }, {
      "id" : "s10-t16",
      "begin" : 1496,
      "end" : 1497,
      "text" : ".",
      "whiteSpace" : false
    } ]
  }, {
    "id" : "s11",
    "begin" : 1505,
    "end" : 1746,
    "text" : "Learnt about various machines used in the manufacturing of axles,bogies,air conditioning systems etc. \nLearnt about the various mechanisms used like braking mechanism, cooling mechanism etc. \nLearnt about the batteries,motor,generators used.",
    "tokens" : [ {
      "id" : "s11-t0",
      "begin" : 1505,
      "end" : 1511,
      "text" : "Learnt",
      "whiteSpace" : false
    }, {
      "id" : "s11-t1",
      "begin" : 1512,
      "end" : 1517,
      "text" : "about",
      "whiteSpace" : false
    }, {
      "id" : "s11-t2",
      "begin" : 1518,
      "end" : 1525,
      "text" : "various",
      "whiteSpace" : false
    }, {
      "id" : "s11-t3",
      "begin" : 1526,
      "end" : 1534,
      "text" : "machines",
      "whiteSpace" : false
    }, {
      "id" : "s11-t4",
      "begin" : 1535,
      "end" : 1539,
      "text" : "used",
      "whiteSpace" : false
    }, {
      "id" : "s11-t5",
      "begin" : 1540,
      "end" : 1542,
      "text" : "in",
      "whiteSpace" : false
    }, {
      "id" : "s11-t6",
      "begin" : 1543,
      "end" : 1546,
      "text" : "the",
      "whiteSpace" : false
    }, {
      "id" : "s11-t7",
      "begin" : 1547,
      "end" : 1560,
      "text" : "manufacturing",
      "whiteSpace" : false
    }, {
      "id" : "s11-t8",
      "begin" : 1561,
      "end" : 1563,
      "text" : "of",
      "whiteSpace" : false
    }, {
      "id" : "s11-t9",
      "begin" : 1564,
      "end" : 1569,
      "text" : "axles",
      "whiteSpace" : false
    }, {
      "id" : "s11-t10",
      "begin" : 1569,
      "end" : 1570,
      "text" : ",",
      "whiteSpace" : false
    }, {
      "id" : "s11-t11",
      "begin" : 1570,
      "end" : 1576,
      "text" : "bogies",
      "whiteSpace" : false
    }, {
      "id" : "s11-t12",
      "begin" : 1576,
      "end" : 1577,
      "text" : ",",
      "whiteSpace" : false
    }, {
      "id" : "s11-t13",
      "begin" : 1577,
      "end" : 1580,
      "text" : "air",
      "whiteSpace" : false
    }, {
      "id" : "s11-t14",
      "begin" : 1581,
      "end" : 1593,
      "text" : "conditioning",
      "whiteSpace" : false
    }, {
      "id" : "s11-t15",
      "begin" : 1594,
      "end" : 1601,
      "text" : "systems",
      "whiteSpace" : false
    }, {
      "id" : "s11-t16",
      "begin" : 1602,
      "end" : 1606,
      "text" : "etc.",
      "whiteSpace" : false
    }, {
      "id" : "s11-t17",
      "begin" : 1608,
      "end" : 1614,
      "text" : "Learnt",
      "whiteSpace" : false
    }, {
      "id" : "s11-t18",
      "begin" : 1615,
      "end" : 1620,
      "text" : "about",
      "whiteSpace" : false
    }, {
      "id" : "s11-t19",
      "begin" : 1621,
      "end" : 1624,
      "text" : "the",
      "whiteSpace" : false
    }, {
      "id" : "s11-t20",
      "begin" : 1625,
      "end" : 1632,
      "text" : "various",
      "whiteSpace" : false
    }, {
      "id" : "s11-t21",
      "begin" : 1633,
      "end" : 1643,
      "text" : "mechanisms",
      "whiteSpace" : false
    }, {
      "id" : "s11-t22",
      "begin" : 1644,
      "end" : 1648,
      "text" : "used",
      "whiteSpace" : false
    }, {
      "id" : "s11-t23",
      "begin" : 1649,
      "end" : 1653,
      "text" : "like",
      "whiteSpace" : false
    }, {
      "id" : "s11-t24",
      "begin" : 1654,
      "end" : 1661,
      "text" : "braking",
      "whiteSpace" : false
    }, {
      "id" : "s11-t25",
      "begin" : 1662,
      "end" : 1671,
      "text" : "mechanism",
      "whiteSpace" : false
    }, {
      "id" : "s11-t26",
      "begin" : 1671,
      "end" : 1672,
      "text" : ",",
      "whiteSpace" : false
    }, {
      "id" : "s11-t27",
      "begin" : 1673,
      "end" : 1680,
      "text" : "cooling",
      "whiteSpace" : false
    }, {
      "id" : "s11-t28",
      "begin" : 1681,
      "end" : 1690,
      "text" : "mechanism",
      "whiteSpace" : false
    }, {
      "id" : "s11-t29",
      "begin" : 1691,
      "end" : 1695,
      "text" : "etc.",
      "whiteSpace" : false
    }, {
      "id" : "s11-t30",
      "begin" : 1697,
      "end" : 1703,
      "text" : "Learnt",
      "whiteSpace" : false
    }, {
      "id" : "s11-t31",
      "begin" : 1704,
      "end" : 1709,
      "text" : "about",
      "whiteSpace" : false
    }, {
      "id" : "s11-t32",
      "begin" : 1710,
      "end" : 1713,
      "text" : "the",
      "whiteSpace" : false
    }, {
      "id" : "s11-t33",
      "begin" : 1714,
      "end" : 1723,
      "text" : "batteries",
      "whiteSpace" : false
    }, {
      "id" : "s11-t34",
      "begin" : 1723,
      "end" : 1724,
      "text" : ",",
      "whiteSpace" : false
    }, {
      "id" : "s11-t35",
      "begin" : 1724,
      "end" : 1729,
      "text" : "motor",
      "whiteSpace" : false
    }, {
      "id" : "s11-t36",
      "begin" : 1729,
      "end" : 1730,
      "text" : ",",
      "whiteSpace" : false
    }, {
      "id" : "s11-t37",
      "begin" : 1730,
      "end" : 1740,
      "text" : "generators",
      "whiteSpace" : false
    }, {
      "id" : "s11-t38",
      "begin" : 1741,
      "end" : 1745,
      "text" : "used",
      "whiteSpace" : false
    }, {
      "id" : "s11-t39",
      "begin" : 1745,
      "end" : 1746,
      "text" : ".",
      "whiteSpace" : false
    } ]
  }, {
    "id" : "s12",
    "begin" : 1750,
    "end" : 1789,
    "text" : "Jodhpur, Rajasthan \nMay 2019 — Jun 2019",
    "tokens" : [ {
      "id" : "s12-t0",
      "begin" : 1750,
      "end" : 1757,
      "text" : "Jodhpur",
      "whiteSpace" : false
    }, {
      "id" : "s12-t1",
      "begin" : 1757,
      "end" : 1758,
      "text" : ",",
      "whiteSpace" : false
    }, {
      "id" : "s12-t2",
      "begin" : 1759,
      "end" : 1768,
      "text" : "Rajasthan",
      "whiteSpace" : false
    }, {
      "id" : "s12-t3",
      "begin" : 1770,
      "end" : 1773,
      "text" : "May",
      "whiteSpace" : false
    }, {
      "id" : "s12-t4",
      "begin" : 1774,
      "end" : 1778,
      "text" : "2019",
      "whiteSpace" : false
    }, {
      "id" : "s12-t5",
      "begin" : 1779,
      "end" : 1780,
      "text" : "—",
      "whiteSpace" : false
    }, {
      "id" : "s12-t6",
      "begin" : 1781,
      "end" : 1784,
      "text" : "Jun",
      "whiteSpace" : false
    }, {
      "id" : "s12-t7",
      "begin" : 1785,
      "end" : 1789,
      "text" : "2019",
      "whiteSpace" : false
    } ]
  }, {
    "id" : "s13",
    "begin" : 1797,
    "end" : 1814,
    "text" : "ADDITIONAL SKILLS",
    "tokens" : [ {
      "id" : "s13-t0",
      "begin" : 1797,
      "end" : 1807,
      "text" : "ADDITIONAL",
      "whiteSpace" : false
    }, {
      "id" : "s13-t1",
      "begin" : 1808,
      "end" : 1814,
      "text" : "SKILLS",
      "whiteSpace" : false
    } ]
  }, {
    "id" : "s14",
    "begin" : 1818,
    "end" : 1874,
    "text" : "Programming language C++, C. \nProgramming language Java.",
    "tokens" : [ {
      "id" : "s14-t0",
      "begin" : 1818,
      "end" : 1829,
      "text" : "Programming",
      "whiteSpace" : false
    }, {
      "id" : "s14-t1",
      "begin" : 1830,
      "end" : 1838,
      "text" : "language",
      "whiteSpace" : false
    }, {
      "id" : "s14-t2",
      "begin" : 1839,
      "end" : 1840,
      "text" : "C",
      "whiteSpace" : false
    }, {
      "id" : "s14-t3",
      "begin" : 1840,
      "end" : 1841,
      "text" : "+",
      "whiteSpace" : false
    }, {
      "id" : "s14-t4",
      "begin" : 1841,
      "end" : 1842,
      "text" : "+",
      "whiteSpace" : false
    }, {
      "id" : "s14-t5",
      "begin" : 1842,
      "end" : 1843,
      "text" : ",",
      "whiteSpace" : false
    }, {
      "id" : "s14-t6",
      "begin" : 1844,
      "end" : 1846,
      "text" : "C.",
      "whiteSpace" : false
    }, {
      "id" : "s14-t7",
      "begin" : 1848,
      "end" : 1859,
      "text" : "Programming",
      "whiteSpace" : false
    }, {
      "id" : "s14-t8",
      "begin" : 1860,
      "end" : 1868,
      "text" : "language",
      "whiteSpace" : false
    }, {
      "id" : "s14-t9",
      "begin" : 1869,
      "end" : 1873,
      "text" : "Java",
      "whiteSpace" : false
    }, {
      "id" : "s14-t10",
      "begin" : 1873,
      "end" : 1874,
      "text" : ".",
      "whiteSpace" : false
    } ]
  }, {
    "id" : "s15",
    "begin" : 1876,
    "end" : 1907,
    "text" : "Data Structures and Algorithms.",
    "tokens" : [ {
      "id" : "s15-t0",
      "begin" : 1876,
      "end" : 1880,
      "text" : "Data",
      "whiteSpace" : false
    }, {
      "id" : "s15-t1",
      "begin" : 1881,
      "end" : 1891,
      "text" : "Structures",
      "whiteSpace" : false
    }, {
      "id" : "s15-t2",
      "begin" : 1892,
      "end" : 1895,
      "text" : "and",
      "whiteSpace" : false
    }, {
      "id" : "s15-t3",
      "begin" : 1896,
      "end" : 1906,
      "text" : "Algorithms",
      "whiteSpace" : false
    }, {
      "id" : "s15-t4",
      "begin" : 1906,
      "end" : 1907,
      "text" : ".",
      "whiteSpace" : false
    } ]
  }, {
    "id" : "s16",
    "begin" : 1909,
    "end" : 1935,
    "text" : "Web Development HTML, CSS.",
    "tokens" : [ {
      "id" : "s16-t0",
      "begin" : 1909,
      "end" : 1912,
      "text" : "Web",
      "whiteSpace" : false
    }, {
      "id" : "s16-t1",
      "begin" : 1913,
      "end" : 1924,
      "text" : "Development",
      "whiteSpace" : false
    }, {
      "id" : "s16-t2",
      "begin" : 1925,
      "end" : 1929,
      "text" : "HTML",
      "whiteSpace" : false
    }, {
      "id" : "s16-t3",
      "begin" : 1929,
      "end" : 1930,
      "text" : ",",
      "whiteSpace" : false
    }, {
      "id" : "s16-t4",
      "begin" : 1931,
      "end" : 1934,
      "text" : "CSS",
      "whiteSpace" : false
    }, {
      "id" : "s16-t5",
      "begin" : 1934,
      "end" : 1935,
      "text" : ".",
      "whiteSpace" : false
    } ]
  }, {
    "id" : "s17",
    "begin" : 1947,
    "end" : 1971,
    "text" : "CREDENTIALS AND LICENSES",
    "tokens" : [ {
      "id" : "s17-t0",
      "begin" : 1947,
      "end" : 1958,
      "text" : "CREDENTIALS",
      "whiteSpace" : false
    }, {
      "id" : "s17-t1",
      "begin" : 1959,
      "end" : 1962,
      "text" : "AND",
      "whiteSpace" : false
    }, {
      "id" : "s17-t2",
      "begin" : 1963,
      "end" : 1971,
      "text" : "LICENSES",
      "whiteSpace" : false
    } ]
  }, {
    "id" : "s18",
    "begin" : 1975,
    "end" : 2014,
    "text" : "Programming in C++ \nProgramming in Java",
    "tokens" : [ {
      "id" : "s18-t0",
      "begin" : 1975,
      "end" : 1986,
      "text" : "Programming",
      "whiteSpace" : false
    }, {
      "id" : "s18-t1",
      "begin" : 1987,
      "end" : 1989,
      "text" : "in",
      "whiteSpace" : false
    }, {
      "id" : "s18-t2",
      "begin" : 1990,
      "end" : 1993,
      "text" : "C++",
      "whiteSpace" : false
    }, {
      "id" : "s18-t3",
      "begin" : 1995,
      "end" : 2006,
      "text" : "Programming",
      "whiteSpace" : false
    }, {
      "id" : "s18-t4",
      "begin" : 2007,
      "end" : 2009,
      "text" : "in",
      "whiteSpace" : false
    }, {
      "id" : "s18-t5",
      "begin" : 2010,
      "end" : 2014,
      "text" : "Java",
      "whiteSpace" : false
    } ]
  }, {
    "id" : "s19",
    "begin" : 2032,
    "end" : 2147,
    "text" : "Vayu sena vihar,Air  Force Station Tughlakabad New  Delhi, Delhi, 110080 (820) 954-9619\n prashant.verma54@gmai1.com",
    "tokens" : [ {
      "id" : "s19-t0",
      "begin" : 2032,
      "end" : 2036,
      "text" : "Vayu",
      "whiteSpace" : false
    }, {
      "id" : "s19-t1",
      "begin" : 2037,
      "end" : 2041,
      "text" : "sena",
      "whiteSpace" : false
    }, {
      "id" : "s19-t2",
      "begin" : 2042,
      "end" : 2047,
      "text" : "vihar",
      "whiteSpace" : false
    }, {
      "id" : "s19-t3",
      "begin" : 2047,
      "end" : 2048,
      "text" : ",",
      "whiteSpace" : false
    }, {
      "id" : "s19-t4",
      "begin" : 2048,
      "end" : 2051,
      "text" : "Air",
      "whiteSpace" : false
    }, {
      "id" : "s19-t5",
      "begin" : 2053,
      "end" : 2058,
      "text" : "Force",
      "whiteSpace" : false
    }, {
      "id" : "s19-t6",
      "begin" : 2059,
      "end" : 2066,
      "text" : "Station",
      "whiteSpace" : false
    }, {
      "id" : "s19-t7",
      "begin" : 2067,
      "end" : 2078,
      "text" : "Tughlakabad",
      "whiteSpace" : false
    }, {
      "id" : "s19-t8",
      "begin" : 2079,
      "end" : 2082,
      "text" : "New",
      "whiteSpace" : false
    }, {
      "id" : "s19-t9",
      "begin" : 2084,
      "end" : 2089,
      "text" : "Delhi",
      "whiteSpace" : false
    }, {
      "id" : "s19-t10",
      "begin" : 2089,
      "end" : 2090,
      "text" : ",",
      "whiteSpace" : false
    }, {
      "id" : "s19-t11",
      "begin" : 2091,
      "end" : 2096,
      "text" : "Delhi",
      "whiteSpace" : false
    }, {
      "id" : "s19-t12",
      "begin" : 2096,
      "end" : 2097,
      "text" : ",",
      "whiteSpace" : false
    }, {
      "id" : "s19-t13",
      "begin" : 2098,
      "end" : 2104,
      "text" : "110080",
      "whiteSpace" : false
    }, {
      "id" : "s19-t14",
      "begin" : 2105,
      "end" : 2106,
      "text" : "(",
      "whiteSpace" : false
    }, {
      "id" : "s19-t15",
      "begin" : 2106,
      "end" : 2109,
      "text" : "820",
      "whiteSpace" : false
    }, {
      "id" : "s19-t16",
      "begin" : 2109,
      "end" : 2110,
      "text" : ")",
      "whiteSpace" : false
    }, {
      "id" : "s19-t17",
      "begin" : 2111,
      "end" : 2119,
      "text" : "954-9619",
      "whiteSpace" : false
    }, {
      "id" : "s19-t18",
      "begin" : 2121,
      "end" : 2147,
      "text" : "prashant.verma54@gmai1.com",
      "whiteSpace" : false
    } ]
  } ],
  "mentions" : [ {
    "id" : "s0-m1",
    "properties" : {
      "SIRE_MENTION_ROLE" : "Name",
      "SIRE_ENTITY_SUBTYPE" : "NONE",
      "SIRE_MENTION_TYPE" : "NONE",
      "SIRE_MENTION_CLASS" : "SPC"
    },
    "type" : "Name",
    "begin" : 0,
    "end" : 21,
    "inCoref" : false
  }, {
    "id" : "s0-m2",
    "properties" : {
      "SIRE_MENTION_ROLE" : "Personal_Details",
      "SIRE_ENTITY_SUBTYPE" : "NONE",
      "SIRE_MENTION_TYPE" : "NONE",
      "SIRE_MENTION_CLASS" : "SPC"
    },
    "type" : "Personal_Details",
    "begin" : 23,
    "end" : 139,
    "inCoref" : false
  }, {
    "id" : "s1-m1",
    "properties" : {
      "SIRE_MENTION_ROLE" : "Education",
      "SIRE_ENTITY_SUBTYPE" : "NONE",
      "SIRE_MENTION_TYPE" : "NONE",
      "SIRE_MENTION_CLASS" : "SPC"
    },
    "type" : "Education",
    "begin" : 166,
    "end" : 336,
    "inCoref" : false
  }, {
    "id" : "s2-m1",
    "properties" : {
      "SIRE_MENTION_ROLE" : "Academic_Skills",
      "SIRE_ENTITY_SUBTYPE" : "NONE",
      "SIRE_MENTION_TYPE" : "NONE",
      "SIRE_MENTION_CLASS" : "SPC"
    },
    "type" : "Academic_Skills",
    "begin" : 337,
    "end" : 524,
    "inCoref" : false
  }, {
    "id" : "s3-m2",
    "properties" : {
      "SIRE_MENTION_ROLE" : "Activities",
      "SIRE_ENTITY_SUBTYPE" : "NONE",
      "SIRE_MENTION_TYPE" : "NONE",
      "SIRE_MENTION_CLASS" : "SPC"
    },
    "type" : "Activities",
    "begin" : 525,
    "end" : 638,
    "inCoref" : false
  }, {
    "id" : "s3-m1",
    "properties" : {
      "SIRE_MENTION_ROLE" : "Certifications",
      "SIRE_ENTITY_SUBTYPE" : "NONE",
      "SIRE_MENTION_TYPE" : "NONE",
      "SIRE_MENTION_CLASS" : "SPC"
    },
    "type" : "Certifications",
    "begin" : 525,
    "end" : 637,
    "inCoref" : false
  }, {
    "id" : "s4-m1",
    "properties" : {
      "SIRE_MENTION_ROLE" : "Education",
      "SIRE_ENTITY_SUBTYPE" : "NONE",
      "SIRE_MENTION_TYPE" : "NONE",
      "SIRE_MENTION_CLASS" : "SPC"
    },
    "type" : "Education",
    "begin" : 642,
    "end" : 839,
    "inCoref" : false
  }, {
    "id" : "s4-m2",
    "properties" : {
      "SIRE_MENTION_ROLE" : "Academic_Skills",
      "SIRE_ENTITY_SUBTYPE" : "NONE",
      "SIRE_MENTION_TYPE" : "NONE",
      "SIRE_MENTION_CLASS" : "SPC"
    },
    "type" : "Academic_Skills",
    "begin" : 862,
    "end" : 892,
    "inCoref" : false
  }, {
    "id" : "s4-m3",
    "properties" : {
      "SIRE_MENTION_ROLE" : "Achievements",
      "SIRE_ENTITY_SUBTYPE" : "NONE",
      "SIRE_MENTION_TYPE" : "NONE",
      "SIRE_MENTION_CLASS" : "SPC"
    },
    "type" : "Achievements",
    "begin" : 922,
    "end" : 1020,
    "inCoref" : false
  }, {
    "id" : "s5-m1",
    "properties" : {
      "SIRE_MENTION_ROLE" : "Education",
      "SIRE_ENTITY_SUBTYPE" : "NONE",
      "SIRE_MENTION_TYPE" : "NONE",
      "SIRE_MENTION_CLASS" : "SPC"
    },
    "type" : "Education",
    "begin" : 1024,
    "end" : 1102,
    "inCoref" : false
  }, {
    "id" : "s5-m2",
    "properties" : {
      "SIRE_MENTION_ROLE" : "Academic_Skills",
      "SIRE_ENTITY_SUBTYPE" : "NONE",
      "SIRE_MENTION_TYPE" : "NONE",
      "SIRE_MENTION_CLASS" : "SPC"
    },
    "type" : "Academic_Skills",
    "begin" : 1125,
    "end" : 1186,
    "inCoref" : false
  }, {
    "id" : "s6-m1",
    "properties" : {
      "SIRE_MENTION_ROLE" : "Education",
      "SIRE_ENTITY_SUBTYPE" : "NONE",
      "SIRE_MENTION_TYPE" : "NONE",
      "SIRE_MENTION_CLASS" : "SPC"
    },
    "type" : "Education",
    "begin" : 1192,
    "end" : 1285,
    "inCoref" : false
  }, {
    "id" : "s8-m1",
    "properties" : {
      "SIRE_MENTION_ROLE" : "Internships",
      "SIRE_ENTITY_SUBTYPE" : "NONE",
      "SIRE_MENTION_TYPE" : "NONE",
      "SIRE_MENTION_CLASS" : "SPC"
    },
    "type" : "Internships",
    "begin" : 1318,
    "end" : 1333,
    "inCoref" : false
  }, {
    "id" : "s9-m1",
    "properties" : {
      "SIRE_MENTION_ROLE" : "Internships",
      "SIRE_ENTITY_SUBTYPE" : "NONE",
      "SIRE_MENTION_TYPE" : "NONE",
      "SIRE_MENTION_CLASS" : "SPC"
    },
    "type" : "Internships",
    "begin" : 1337,
    "end" : 1416,
    "inCoref" : false
  }, {
    "id" : "s11-m1",
    "properties" : {
      "SIRE_MENTION_ROLE" : "Projects",
      "SIRE_ENTITY_SUBTYPE" : "NONE",
      "SIRE_MENTION_TYPE" : "NONE",
      "SIRE_MENTION_CLASS" : "SPC"
    },
    "type" : "Projects",
    "begin" : 1505,
    "end" : 1745,
    "inCoref" : false
  }, {
    "id" : "s14-m1",
    "properties" : {
      "SIRE_MENTION_ROLE" : "Languages",
      "SIRE_ENTITY_SUBTYPE" : "NONE",
      "SIRE_MENTION_TYPE" : "NONE",
      "SIRE_MENTION_CLASS" : "SPC"
    },
    "type" : "Languages",
    "begin" : 1818,
    "end" : 1873,
    "inCoref" : false
  }, {
    "id" : "s15-m1",
    "properties" : {
      "SIRE_MENTION_ROLE" : "Languages",
      "SIRE_ENTITY_SUBTYPE" : "NONE",
      "SIRE_MENTION_TYPE" : "NONE",
      "SIRE_MENTION_CLASS" : "SPC"
    },
    "type" : "Languages",
    "begin" : 1876,
    "end" : 1907,
    "inCoref" : false
  }, {
    "id" : "s16-m1",
    "properties" : {
      "SIRE_MENTION_ROLE" : "Languages",
      "SIRE_ENTITY_SUBTYPE" : "NONE",
      "SIRE_MENTION_TYPE" : "NONE",
      "SIRE_MENTION_CLASS" : "SPC"
    },
    "type" : "Languages",
    "begin" : 1909,
    "end" : 1935,
    "inCoref" : false
  }, {
    "id" : "s18-m1",
    "properties" : {
      "SIRE_MENTION_ROLE" : "Certifications",
      "SIRE_ENTITY_SUBTYPE" : "NONE",
      "SIRE_MENTION_TYPE" : "NONE",
      "SIRE_MENTION_CLASS" : "SPC"
    },
    "type" : "Certifications",
    "begin" : 1975,
    "end" : 2014,
    "inCoref" : false
  }, {
    "id" : "s19-m1",
    "properties" : {
      "SIRE_MENTION_ROLE" : "Personal_Details",
      "SIRE_ENTITY_SUBTYPE" : "NONE",
      "SIRE_MENTION_TYPE" : "NONE",
      "SIRE_MENTION_CLASS" : "SPC"
    },
    "type" : "Personal_Details",
    "begin" : 2032,
    "end" : 2147,
    "inCoref" : false
  } ],
  "relations" : [ ],
  "corefs" : [ ],
  "typeResolved" : true,
  "userResolved" : false
}