[ {
  "id" : "299c5560-c523-11ea-8a36-857df501e0ff-0",
  "name" : "shubham 1 cv.pdf",
  "createdDate" : 0,
  "text" : "SHUBHAM GUPTA\n8988382006 | sg2881999@gmail.com\nOBJECTIVE\nTo work in a firm with a professional work driven environment where I can utilize and apply my \nknowledge, skills which would enable me as a fresh graduate to grow while fulfilling \norganizational goals. \nEDUCATION\nNational Institute of Technology Hamirpur, Himachal Pradesh\nBachelor of Technology\nDepartment of Electrical Engineering\nCurrent CGPI: 8.73\nD.A.V  A.V.N Darlaghat, Himachal Pradesh\n12th ,CBSE Board\nPercentage: 93.8\nD.A.V  A.V.N Darlaghat, Himachal Pradesh\n10th ,CBSE Board\nCGPI: 10\n TECHNICAL SKILLS:\n C++, C, Data Structure, MATLAB, Assembly Level (8085).\n Arduino\n MySQL \nPERSONAL TRAITS:\n Willingness to learn.\n Ability to cope up with different situations.\n Highly concentrated in doing any kind of work.\nHOBBIES:\n Playing Table Tennis, winner in Interyear tournament conducted in NIT hamirpur.\n Trekking\n.\nEXPERIENCE:\n1. Project on “Automated Petrol Pump”.  \nIn this project every car is having its unique identity. We have done this by RFID \ncar. The customer enters the amount of petrol required by him/her with the \nkeypad. The corresponding amount will be deducted from the customer account \ndirectly. We have interfaced the GSM so that customer receive every details of \nits account.\n \n2.  Project on “Automated energy meter and prepaid billing system”\n      In this project we had introduced a prepaid bill payment system in which we can  \nrecharge our account through mobile phones and use electricity at home. Balance \nwill be deducted directly from our account during the consumption of power.\nAlso, this project detects the power theft by external tapping or bypassing the Energy\nmeter. It will alert the Electricity board and the consumer about Power theft.\n3. Organized an event named “ROBO SUMO” and “ROBO HAMMER at NIMBUS \n(Technical fest NIT HAMIRPUR) 2019. Various participants came and made the \nevent successful.\n4. Completed 4 weeks training at Ambuja Cement Limited, Darlaghat. \n5. Executive Member of Team OJAS (core team electrical Department).\n6. Executive Member of NSS (National Service Scheme).\n \n \n2\n",
  "status" : "SUBMITTED",
  "modifiedDate" : 1594701337511
}, {
  "id" : "6048c350-c523-11ea-b4c4-873b00b909ef-0",
  "name" : "cv new.pdf",
  "createdDate" : 0,
  "text" : " \nKALPANSH VERMA\nOpposite marimata kherapati road Gwalior 2 Madhya Pradesh, , \n7974935895 | kv914.kv@gmail.com\nCAREER OBJECTIVE\nTo obtain a position that will enable me to use my strong organizational skills, award-winning educational \nbackground, and ability to work well with people.\nEDUCATION\nNational institute of technology\nBachelor of technology in Electrical engineering\n 7.66\n 2017\nR.K.V.M school Gwalior\nIntermediate\n 83.8\n 2016\nTECHNICAL SKILLS\nProgramming skills SQL,C++, C, Data structure, MATLAB, assembly level(8085)\nMicrocontrollers ATmeg8,Arduino\nPROJECTS\nRailway track crack detection\nThe objective of this project is to detect the crack in railway track automatically without any human \nintervention. Vibrational sensor is used to find the faults and then message is sent directly to nearby \nheadquarters.\nACHIEVEMENTS & AWARDS\nCore team co ordinator, OJAS (TECHNICAL CLUB OF EEE)\nExecutive member, NSS, NITH\nINDUSTRIAL EXPOSURE\nMegatherm private limited -> Through this intern I got an exposure to the transformer and it's various parts. \nBasically about power and furnace transformer and different types of core making, winding and all.\nPERSONAL STRENGTHS\nCompletion of a work assigned is always at a priority.\n Fair Management of task given .\n \nKALPANSH VERMA\n \n \n \nPERSONAL PROFILE\nDate of Birth : 14/09/1998\nMarital Status : Single\nNationality : Indian\nKnown Languages : English,hindi\nHobby : Badminton Cricket\n \n \n",
  "status" : "SUBMITTED",
  "modifiedDate" : 1594701020595
}, {
  "id" : "6d7e4360-c523-11ea-8a36-857df501e0ff-0",
  "name" : "CV_2020-02-13-013108.pdf",
  "createdDate" : 0,
  "text" : "DHARMENDRA SINGH\nD-26, Durga Nagar, Nanta Road, Kunhadi, Kota, Rajasthan\n(324008)\n7976768470 | singhdharmendra.1015@gmail.com\nOBJECTIVE\nTo utilize my technical and professional skills along with the dedication to work for this organization by applying\nand honing my knowledge and working in a challenging and motivating working environment.\nEDUCATION\nNIT Hamirpur\n2017-Present\nB. Tech \n8.17\nShishu Niketan School\n2017\nSenior Secondary Education \n8.17\nBSN Academy\n2015\nSecondary Education \n10 CGPA\nSKILLS\n• C,C++,Data structures • MATLAB • Python(beginner level)\nPROJECTS\nSolar Powered Electric Tricycle\nIt is a government funded project which aims to make a cost effective economical tricycle for specially abled\npeople and my team is currently working on it. \nPERSONAL DETAILS\nDate of Birth : 10/12/1999\nSTRENGTHS AND HOBBIES\n • Self motivated and punctual\n • Ability to work with team\n • Dedicated to complete the work\n • Badminton\n • Cricket\nCO-CURRICULAR ACTIVITIES\n• Executive member of organization committee hillfair 2018 NITH \n • Co-coordinator of organization committee hillfair 2019 NITH\n • Member of OJAS,Technical club electrical engineering NITH\n • Executive member of NSS(National service scheme) \n",
  "status" : "SUBMITTED",
  "modifiedDate" : 1594701187548
}, {
  "id" : "b044c460-c525-11ea-92b9-87e4c56d36ba-0",
  "name" : "prashant_resume16_set (2).pdf",
  "createdDate" : 0,
  "text" : "Prashant  Singh Verma \nVayu sena vihar,Air Force Station \nTughlakabad New Delhi, Delhi, \n110080 \n(820) 954-9619 \nprashant.verma54@gmai1.com \n \n \n \nCAREER OBJECTIVE  \nQuality-oriented Electrical and Electronics Engineering major (7.94 GPA) currently attending National \nInstitute of Technology Hamirpur, with 2 months of work experience. Aiming to leverage a proven knowledge \nof computer aided engineering, product manufacturability, and field performance skills to successfully fill the \nSummer Intern role at your company. Frequently praised as quality-oriented by my peers, I can be relied upon \nto help your company achieve its goals. \n \nEDUCATION  \nNATIONAL INSTITUTE OF TECHNOLOGY HAMIRPUR  Hamirpur , Himachal Pradesh \nBachelor of Technology Electrical and Electronics Engineering Candidate (Expected graduation Jun 2021) \nGPA: 7.94 \nRelevant Coursework: Data Structures and Algorithms \nExtracurricular Activities: Coordinator at Organization Club for Cultural and Technical Activities \nMember at NSS Nit Hamirpur \n \nKENDRIYA VIDYALAYA NO.2 AFS JODHPUR \nHigh School Diploma (Jun 2016) \nGPA: 83.6 \nRelevant Coursework: Computer Science \nExtracurricular Activities: Management Club \n \n \nKENDRIYA VIDYALAYA NO.1 AFS BHUJ \n10th Mathematics and Computer Science (Jun 2014) \nGPA: 10.0 \n \n \nPROFESSIONAL EXPERIENCE \n \nIndian Railways \n \nSummer Intern \nLearnt the \nmanufacturing of \nvarious type of \ncoaches in train. \nIt has various \nshops like AC \nshop, power shop, \nmachine \nshop,1ighting \nshop. \n \n \n \nLearnt about various machines used in the manufacturing of axles,bogies,air conditioning systems etc. \nLearnt about the various mechanisms used like braking mechanism, cooling mechanism etc. \nLearnt about the batteries,motor,generators used. \n \nJodhpur, Rajasthan \nMay 2019 — Jun 2019 \n \n \n \nADDITIONAL SKILLS \n \nProgramming language C++, C. \nProgramming language Java. \nData Structures and Algorithms. \nWeb Development HTML, CSS. \n \n \n \n \n \nCREDENTIALS AND LICENSES \n \nProgramming in C++ \nProgramming in Java \n \n \n \n \n \n \n \n \nVayu sena vihar,Air  Force Station Tughlakabad New  Delhi, Delhi, 110080 (820) 954-9619\n prashant.verma54@gmai1.com \n",
  "status" : "SUBMITTED",
  "modifiedDate" : 1594701296713
} ]