[ {
  "id" : "id-all",
  "name" : "All",
  "createdDate" : 0,
  "documents" : [ "299c5560-c523-11ea-8a36-857df501e0ff-0", "6048c350-c523-11ea-b4c4-873b00b909ef-0", "6d7e4360-c523-11ea-8a36-857df501e0ff-0", "b044c460-c525-11ea-92b9-87e4c56d36ba-0" ],
  "type" : "ALL",
  "modifiedDate" : 0,
  "count" : 4
}, {
  "id" : "299c5560-c523-11ea-8a36-857df501e0ff",
  "name" : "shubham 1 cv.pdf_set",
  "createdDate" : 1594656540086,
  "documents" : [ "299c5560-c523-11ea-8a36-857df501e0ff-0" ],
  "type" : "SOURCE",
  "modifiedDate" : 1594656540086,
  "count" : 1
}, {
  "id" : "6048c350-c523-11ea-b4c4-873b00b909ef",
  "name" : "cv new.pdf_set",
  "createdDate" : 1594656631813,
  "documents" : [ "6048c350-c523-11ea-b4c4-873b00b909ef-0" ],
  "type" : "SOURCE",
  "modifiedDate" : 1594656631813,
  "count" : 1
}, {
  "id" : "6d7e4360-c523-11ea-8a36-857df501e0ff",
  "name" : "CV_2020-02-13-013108.pdf_set",
  "createdDate" : 1594656653974,
  "documents" : [ "6d7e4360-c523-11ea-8a36-857df501e0ff-0" ],
  "type" : "SOURCE",
  "modifiedDate" : 1594656653974,
  "count" : 1
}, {
  "id" : "b044c460-c525-11ea-92b9-87e4c56d36ba",
  "name" : "prashant_resume16_set (2).pdf_set",
  "createdDate" : 1594657624998,
  "documents" : [ "b044c460-c525-11ea-92b9-87e4c56d36ba-0" ],
  "type" : "SOURCE",
  "modifiedDate" : 1594657624998,
  "count" : 1
}, {
  "id" : "0a150400-c526-11ea-acee-217ff3ca79f6",
  "name" : "prashant",
  "createdDate" : 1594657775680,
  "documents" : [ "b044c460-c525-11ea-92b9-87e4c56d36ba-0" ],
  "type" : "ASSIGNMENT",
  "annotator" : "si05202000390@smartinternz.com",
  "modifiedDate" : 1594657775680,
  "count" : 1
}, {
  "id" : "1de57eb0-c526-11ea-a15a-7f36ece03743",
  "name" : "kalpansh",
  "createdDate" : 1594657808923,
  "documents" : [ "6048c350-c523-11ea-b4c4-873b00b909ef-0" ],
  "type" : "ASSIGNMENT",
  "annotator" : "si05202000390@smartinternz.com",
  "modifiedDate" : 1594657808923,
  "count" : 1
}, {
  "id" : "2d2d8b10-c526-11ea-a15a-7f36ece03743",
  "name" : "dharmendra",
  "createdDate" : 1594657834561,
  "documents" : [ "6d7e4360-c523-11ea-8a36-857df501e0ff-0" ],
  "type" : "ASSIGNMENT",
  "annotator" : "si05202000390@smartinternz.com",
  "modifiedDate" : 1594657834561,
  "count" : 1
}, {
  "id" : "37ea6a00-c526-11ea-acee-217ff3ca79f6",
  "name" : "shubham",
  "createdDate" : 1594657852576,
  "documents" : [ "299c5560-c523-11ea-8a36-857df501e0ff-0" ],
  "type" : "ASSIGNMENT",
  "annotator" : "si05202000390@smartinternz.com",
  "modifiedDate" : 1594657852576,
  "count" : 1
}, {
  "id" : "d0bb5af0-c526-11ea-acee-217ff3ca79f6",
  "name" : "set1",
  "createdDate" : 1594658108959,
  "documents" : [ "299c5560-c523-11ea-8a36-857df501e0ff-0", "6048c350-c523-11ea-b4c4-873b00b909ef-0", "6d7e4360-c523-11ea-8a36-857df501e0ff-0", "b044c460-c525-11ea-92b9-87e4c56d36ba-0" ],
  "type" : "ASSIGNMENT",
  "annotator" : "si05202000390@smartinternz.com",
  "modifiedDate" : 1594658108959,
  "count" : 4
}, {
  "id" : "d8111a10-c526-11ea-b4c4-873b00b909ef",
  "name" : "set2",
  "createdDate" : 1594658121265,
  "documents" : [ "299c5560-c523-11ea-8a36-857df501e0ff-0", "6048c350-c523-11ea-b4c4-873b00b909ef-0", "6d7e4360-c523-11ea-8a36-857df501e0ff-0", "b044c460-c525-11ea-92b9-87e4c56d36ba-0" ],
  "type" : "ASSIGNMENT",
  "annotator" : "si05202000390@smartinternz.com",
  "modifiedDate" : 1594658121265,
  "count" : 4
}, {
  "id" : "13159c40-c58f-11ea-9a2f-7b5b5f0c412b",
  "name" : "Training",
  "createdDate" : 1594702887940,
  "documents" : [ "299c5560-c523-11ea-8a36-857df501e0ff-0", "6d7e4360-c523-11ea-8a36-857df501e0ff-0" ],
  "type" : "TRAINING",
  "modifiedDate" : 1594702887940,
  "count" : 2
}, {
  "id" : "1316adb0-c58f-11ea-9a2f-7b5b5f0c412b",
  "name" : "Blind",
  "createdDate" : 1594702887940,
  "documents" : [ "6048c350-c523-11ea-b4c4-873b00b909ef-0", "b044c460-c525-11ea-92b9-87e4c56d36ba-0" ],
  "type" : "BLIND",
  "modifiedDate" : 1594702887940,
  "count" : 2
} ]